t,Potential,Kinetic,Total
0,2266855.500000,418803.531250,2685647.000000
5,2266856.750000,418803.437500,2685654.250000
10,2266855.750000,418807.500000,2685661.250000
15,2266846.750000,418819.468750,2685648.000000
20,2266820.000000,418838.125000,2685657.500000
25,2266796.750000,418860.875000,2685655.250000
30,2266770.250000,418888.812500,2685659.500000
35,2266736.000000,418921.781250,2685651.750000
40,2266697.000000,418961.437500,2685657.500000
45,2266663.500000,419004.343750,2685667.750000
50,2266617.000000,419051.718750,2685664.250000
55,2266569.250000,419100.125000,2685659.750000
60,2266511.000000,419159.750000,2685660.250000
65,2266449.000000,419227.531250,2685671.250000
70,2266364.250000,419301.250000,2685674.250000
75,2266280.000000,419378.375000,2685670.750000
80,2266206.500000,419459.968750,2685680.000000
85,2266115.500000,419548.250000,2685667.250000
90,2266014.500000,419645.031250,2685665.750000
95,2265917.750000,419747.062500,2685662.500000
100,2265839.000000,419836.656250,2685661.750000
105,2265721.500000,419950.281250,2685667.000000
110,2265589.250000,420082.687500,2685663.500000
115,2265449.750000,420218.812500,2685664.500000
120,2265317.750000,420350.500000,2685675.750000
125,2265178.250000,420488.531250,2685665.000000
130,2265041.250000,420634.437500,2685668.250000
135,2264889.500000,420784.562500,2685659.250000
140,2264733.750000,420937.812500,2685675.500000
145,2264576.000000,421100.437500,2685680.250000
150,2264400.750000,421275.125000,2685689.000000
155,2264223.000000,421453.156250,2685679.000000
160,2264039.000000,421640.406250,2685665.750000
165,2263842.250000,421836.187500,2685664.750000
170,2263637.250000,422043.375000,2685658.500000
175,2263425.750000,422251.187500,2685670.000000
180,2263212.750000,422464.031250,2685675.250000
185,2263000.750000,422677.843750,2685670.750000
190,2262769.000000,422912.468750,2685678.250000
195,2262536.500000,423145.531250,2685679.000000
200,2262313.000000,423369.812500,2685667.500000
205,2262060.000000,423626.031250,2685675.500000
210,2261793.250000,423890.343750,2685674.250000
215,2261521.500000,424151.375000,2685676.000000
220,2261256.500000,424422.437500,2685672.750000
225,2260973.500000,424695.468750,2685689.250000
230,2260700.250000,424975.875000,2685690.750000
235,2260411.000000,425262.312500,2685690.000000
240,2260131.500000,425553.593750,2685687.250000
245,2259841.000000,425851.937500,2685682.000000
250,2259525.750000,426154.500000,2685687.250000
255,2259230.500000,426461.500000,2685683.500000
260,2258908.500000,426780.125000,2685689.250000
265,2258583.750000,427098.187500,2685689.000000
270,2258260.750000,427422.000000,2685694.250000
275,2257934.250000,427759.562500,2685689.500000
280,2257593.750000,428100.875000,2685688.000000
285,2257239.000000,428450.843750,2685694.000000
290,2256887.750000,428808.656250,2685687.500000
295,2256525.000000,429166.437500,2685680.750000
300,2256178.250000,429511.375000,2685688.500000
305,2255820.500000,429876.781250,2685686.750000
310,2255423.500000,430271.906250,2685677.500000
315,2255036.250000,430652.843750,2685688.250000
320,2254651.000000,431042.406250,2685696.250000
325,2254255.000000,431435.593750,2685701.750000
330,2253858.000000,431833.562500,2685699.250000
335,2253460.750000,432238.437500,2685701.000000
340,2253045.000000,432650.281250,2685693.750000
345,2252627.500000,433067.187500,2685693.000000
350,2252203.000000,433494.718750,2685692.500000
355,2251772.500000,433921.593750,2685684.250000
360,2251332.500000,434363.656250,2685687.250000
365,2250887.000000,434806.437500,2685695.250000
370,2250438.000000,435251.781250,2685699.500000
375,2249989.500000,435701.375000,2685700.250000
380,2249541.250000,436157.750000,2685695.750000
385,2249086.750000,436612.531250,2685698.500000
390,2248630.500000,437075.875000,2685714.250000
395,2248151.000000,437542.343750,2685706.750000
400,2247686.000000,438014.687500,2685691.000000
405,2247216.750000,438491.375000,2685695.500000
410,2246722.250000,438978.031250,2685688.250000
415,2246236.500000,439470.718750,2685684.000000
420,2245740.500000,439959.968750,2685695.750000
425,2245244.000000,440459.656250,2685709.750000
430,2244747.250000,440961.562500,2685704.500000
435,2244236.750000,441465.062500,2685698.000000
440,2243726.250000,441983.062500,2685703.750000
445,2243198.250000,442504.437500,2685704.500000
450,2242670.500000,443031.968750,2685699.000000
455,2242146.250000,443559.000000,2685701.000000
460,2241614.250000,444087.156250,2685700.000000
465,2241087.000000,444619.375000,2685696.750000
470,2240547.750000,445164.562500,2685710.000000
475,2240009.250000,445708.593750,2685697.750000
480,2239451.500000,446257.000000,2685713.500000
485,2238898.500000,446809.593750,2685714.250000
490,2238323.750000,447375.062500,2685718.750000
495,2237771.250000,447934.250000,2685719.000000
500,2237209.000000,448500.250000,2685719.000000
505,2236641.250000,449063.500000,2685705.000000
510,2236073.750000,449637.656250,2685712.250000
515,2235500.250000,450219.531250,2685719.250000
520,2234909.500000,450802.125000,2685705.750000
525,2234328.500000,451383.812500,2685702.750000
530,2233739.250000,451965.250000,2685709.250000
535,2233139.500000,452559.562500,2685714.500000
540,2232550.000000,453151.875000,2685714.000000
545,2231963.500000,453748.062500,2685709.250000
550,2231359.750000,454353.906250,2685706.750000
555,2230756.000000,454957.250000,2685712.250000
560,2230147.000000,455563.656250,2685705.750000
565,2229541.500000,456169.187500,2685706.000000
570,2228932.250000,456784.031250,2685714.250000
575,2228319.750000,457395.812500,2685721.750000
580,2227699.000000,458013.468750,2685705.000000
585,2227065.000000,458630.125000,2685706.750000
590,2226456.750000,459254.031250,2685702.250000
595,2225834.250000,459879.593750,2685729.750000
600,2225201.750000,460512.937500,2685727.750000
605,2224572.500000,461147.187500,2685726.500000
610,2223944.250000,461780.093750,2685716.500000
615,2223295.750000,462413.750000,2685711.250000
620,2222664.250000,463055.750000,2685705.250000
625,2222029.000000,463696.218750,2685707.000000
630,2221380.250000,464343.468750,2685720.000000
635,2220736.250000,464976.500000,2685719.250000
640,2220071.000000,465641.718750,2685715.500000
645,2219423.750000,466292.468750,2685715.750000
650,2218772.000000,466946.593750,2685717.750000
655,2218121.250000,467599.656250,2685725.500000
660,2217463.000000,468255.937500,2685718.250000
665,2216805.500000,468909.531250,2685704.500000
670,2216165.750000,469565.062500,2685714.500000
675,2215498.500000,470227.000000,2685722.250000
680,2214828.250000,470891.593750,2685716.250000
685,2214161.750000,471554.531250,2685710.000000
690,2213497.250000,472220.406250,2685708.500000
695,2212827.750000,472890.468750,2685707.750000
700,2212167.000000,473557.593750,2685714.000000
705,2211481.250000,474239.500000,2685716.000000
710,2210801.500000,474918.000000,2685724.000000
715,2210127.750000,475597.000000,2685721.250000
720,2209454.500000,476269.468750,2685718.500000
725,2208765.750000,476961.968750,2685718.750000
730,2208094.250000,477645.625000,2685717.500000
735,2207388.000000,478329.625000,2685708.000000
740,2206702.250000,479011.312500,2685721.250000
745,2206026.000000,479694.218750,2685707.000000
750,2205340.750000,480377.250000,2685709.750000
755,2204660.250000,481059.593750,2685716.500000
760,2203974.750000,481740.593750,2685713.000000
765,2203299.750000,482417.468750,2685711.500000
770,2202614.750000,483105.968750,2685709.250000
775,2201916.250000,483797.906250,2685714.000000
780,2201233.000000,484487.156250,2685713.250000
785,2200547.250000,485179.875000,2685722.750000
790,2199848.000000,485874.968750,2685723.000000
795,2199151.250000,486573.437500,2685716.000000
800,2198454.500000,487271.593750,2685727.500000
805,2197775.250000,487962.593750,2685723.000000
810,2197065.500000,488664.406250,2685727.500000
815,2196354.750000,489370.750000,2685713.500000
820,2195640.750000,490072.593750,2685725.000000
825,2194938.250000,490775.406250,2685733.000000
830,2194251.250000,491480.156250,2685726.250000
835,2193533.500000,492185.812500,2685729.250000
840,2192836.250000,492889.843750,2685716.000000
845,2192137.000000,493594.812500,2685714.000000
850,2191432.750000,494297.406250,2685725.000000
855,2190740.000000,494996.812500,2685732.000000
860,2190007.250000,495707.906250,2685721.500000
865,2189298.500000,496415.375000,2685725.000000
870,2188596.750000,497126.031250,2685726.250000
875,2187894.500000,497831.812500,2685732.250000
880,2187181.250000,498544.500000,2685718.500000
885,2186468.750000,499250.093750,2685714.750000
890,2185770.500000,499954.625000,2685714.750000
895,2185075.750000,500659.343750,2685707.500000
900,2184361.250000,501361.500000,2685724.500000
905,2183659.750000,502064.687500,2685725.750000
910,2182949.250000,502775.281250,2685720.250000
915,2182238.250000,503485.562500,2685721.000000
920,2181519.750000,504195.000000,2685736.000000
925,2180811.250000,504908.406250,2685732.500000
930,2180106.500000,505618.562500,2685717.000000
935,2179399.500000,506321.968750,2685718.750000
940,2178692.250000,507026.843750,2685720.500000
945,2177993.500000,507726.687500,2685719.750000
950,2177291.750000,508430.531250,2685715.250000
955,2176591.500000,509132.687500,2685708.500000
960,2175884.500000,509834.187500,2685708.750000
965,2175171.000000,510543.562500,2685716.750000
970,2174461.250000,511253.250000,2685720.500000
975,2173758.500000,511957.875000,2685712.250000
980,2173063.750000,512658.093750,2685705.500000
985,2172349.750000,513366.406250,2685709.000000
990,2171633.000000,514076.500000,2685711.000000
995,2170930.750000,514784.687500,2685715.500000
1000,2170221.000000,515491.531250,2685718.250000
1005,2169516.250000,516196.531250,2685710.250000
1010,2168794.500000,516917.437500,2685717.500000
1015,2168078.500000,517630.250000,2685717.250000
1020,2167380.250000,518343.000000,2685706.500000
1025,2166664.500000,519050.312500,2685721.250000
1030,2165964.000000,519753.625000,2685719.750000
1035,2165262.250000,520460.875000,2685714.250000
1040,2164554.000000,521163.281250,2685714.500000
1045,2163851.250000,521868.062500,2685697.250000
1050,2163151.250000,522570.187500,2685702.500000
1055,2162451.750000,523272.281250,2685709.750000
1060,2161733.000000,523975.656250,2685707.000000
1065,2161030.000000,524681.500000,2685716.500000
1070,2160336.750000,525386.812500,2685721.750000
1075,2159624.250000,526081.000000,2685714.250000
1080,2158936.750000,526781.437500,2685714.250000
1085,2158233.500000,527479.062500,2685719.250000
1090,2157531.000000,528177.000000,2685720.000000
1095,2156844.250000,528873.000000,2685710.750000
1100,2156134.250000,529575.875000,2685708.000000
1105,2155449.000000,530273.562500,2685700.500000
1110,2154751.500000,530971.625000,2685718.750000
1115,2154054.500000,531660.750000,2685709.500000
1120,2153354.500000,532352.812500,2685712.750000
1125,2152667.750000,533039.375000,2685710.750000
1130,2151982.500000,533730.625000,2685710.250000
1135,2151297.000000,534421.000000,2685716.750000
1140,2150598.500000,535112.687500,2685714.500000
1145,2149905.250000,535799.000000,2685709.500000
1150,2149225.250000,536488.437500,2685703.250000
1155,2148537.250000,537174.250000,2685705.250000
1160,2147844.500000,537857.750000,2685707.500000
1165,2147166.250000,538540.750000,2685703.250000
1170,2146488.750000,539224.375000,2685710.000000
1175,2145808.000000,539905.125000,2685718.000000
1180,2145124.500000,540581.125000,2685712.500000
1185,2144442.750000,541260.937500,2685710.500000
1190,2143773.500000,541939.562500,2685704.250000
1195,2143098.000000,542615.312500,2685710.250000
1200,2142430.500000,543283.625000,2685708.750000
1205,2141753.750000,543963.812500,2685730.000000
1210,2141068.500000,544644.875000,2685722.500000
1215,2140386.000000,545326.812500,2685707.000000
1220,2139698.750000,546005.125000,2685697.250000
1225,2139029.250000,546682.062500,2685702.750000
1230,2138350.750000,547357.312500,2685718.750000
1235,2137677.000000,548027.062500,2685700.750000
1240,2137000.250000,548700.687500,2685698.250000
1245,2136335.500000,549365.812500,2685695.750000
1250,2135672.500000,550031.375000,2685696.250000
1255,2135007.750000,550691.250000,2685704.750000
1260,2134353.750000,551357.250000,2685702.500000
1265,2133701.250000,552016.250000,2685711.000000
1270,2133023.000000,552679.437500,2685712.500000
1275,2132376.250000,553335.062500,2685716.000000
1280,2131715.000000,553991.937500,2685732.500000
1285,2131049.250000,554652.625000,2685729.250000
1290,2130396.250000,555313.625000,2685722.750000
1295,2129734.250000,555969.500000,2685708.250000
1300,2129089.500000,556620.875000,2685708.250000
1305,2128444.500000,557270.937500,2685707.250000
1310,2127794.750000,557922.375000,2685706.500000
1315,2127143.750000,558578.500000,2685696.750000
1320,2126480.000000,559229.125000,2685694.000000
1325,2125829.750000,559877.375000,2685706.750000
1330,2125179.500000,560523.000000,2685716.500000
1335,2124538.500000,561165.375000,2685716.000000
1340,2123901.250000,561804.687500,2685698.250000
1345,2123271.250000,562440.875000,2685705.000000
1350,2122616.750000,563090.437500,2685701.000000
1355,2121975.500000,563733.687500,2685705.250000
1360,2121328.500000,564372.250000,2685703.000000
1365,2120700.500000,565006.625000,2685704.000000
1370,2120065.750000,565646.000000,2685702.750000
1375,2119419.000000,566283.437500,2685702.750000
1380,2118785.750000,566915.500000,2685707.000000
1385,2118155.000000,567551.437500,2685716.000000
1390,2117512.250000,568188.812500,2685707.000000
1395,2116891.500000,568823.187500,2685706.000000
1400,2116253.750000,569453.750000,2685700.250000
1405,2115627.500000,570081.000000,2685711.500000
1410,2114997.250000,570704.062500,2685722.000000
1415,2114367.000000,571324.250000,2685709.750000
1420,2113754.000000,571955.687500,2685692.000000
1425,2113128.750000,572578.875000,2685693.750000
1430,2112512.500000,573200.125000,2685697.750000
1435,2111882.750000,573816.062500,2685712.250000
1440,2111272.750000,574429.750000,2685712.000000
1445,2110660.750000,575046.812500,2685706.250000
1450,2110057.750000,575653.250000,2685700.250000
1455,2109440.000000,576271.250000,2685699.250000
1460,2108816.750000,576889.500000,2685704.750000
1465,2108201.000000,577501.562500,2685705.000000
1470,2107591.250000,578109.062500,2685710.000000
1475,2106990.750000,578710.000000,2685694.500000
1480,2106392.750000,579312.875000,2685690.750000
1485,2105784.500000,579919.687500,2685702.500000
1490,2105180.500000,580521.125000,2685716.250000
1495,2104586.750000,581118.812500,2685705.000000
1500,2103996.750000,581712.625000,2685708.000000
1505,2103396.500000,582308.187500,2685690.000000
1510,2102807.000000,582900.687500,2685711.500000
1515,2102223.250000,583494.875000,2685703.500000
1520,2101624.250000,584084.562500,2685708.500000
1525,2101039.250000,584670.562500,2685711.750000
1530,2100440.000000,585259.250000,2685704.750000
1535,2099865.250000,585844.937500,2685700.000000
1540,2099272.750000,586427.750000,2685704.250000
1545,2098691.250000,587008.437500,2685707.750000
1550,2098120.750000,587591.500000,2685700.500000
1555,2097520.750000,588179.500000,2685707.000000
1560,2096939.375000,588759.187500,2685699.500000
1565,2096365.625000,589333.750000,2685696.250000
1570,2095797.875000,589903.312500,2685691.250000
1575,2095230.750000,590476.000000,2685711.750000
1580,2094657.875000,591046.625000,2685723.750000
1585,2094085.125000,591611.250000,2685717.500000
1590,2093531.500000,592173.687500,2685708.500000
1595,2092959.875000,592742.500000,2685705.750000
1600,2092402.875000,593301.500000,2685692.750000
1605,2091829.125000,593877.312500,2685700.000000
1610,2091268.625000,594433.937500,2685710.000000
1615,2090709.500000,594991.312500,2685704.500000
1620,2090152.500000,595539.000000,2685707.750000
1625,2089618.625000,596089.562500,2685711.250000
1630,2089064.750000,596633.125000,2685711.750000
1635,2088504.125000,597194.000000,2685718.250000
1640,2087957.625000,597745.687500,2685707.250000
1645,2087394.000000,598300.125000,2685704.500000
1650,2086854.625000,598847.437500,2685698.000000
1655,2086308.625000,599383.375000,2685715.000000
1660,2085781.125000,599925.812500,2685715.250000
1665,2085242.250000,600463.437500,2685722.750000
1670,2084707.500000,601000.062500,2685709.250000
1675,2084161.125000,601534.500000,2685703.750000
1680,2083637.750000,602058.875000,2685698.250000
1685,2083120.125000,602587.250000,2685698.250000
1690,2082592.500000,603102.625000,2685696.250000
1695,2082069.750000,603630.375000,2685699.500000
1700,2081548.875000,604149.500000,2685711.750000
1705,2081036.000000,604662.625000,2685701.250000
1710,2080537.375000,605170.125000,2685710.000000
1715,2080012.750000,605682.687500,2685698.750000
1720,2079496.000000,606200.687500,2685701.250000
1725,2078997.875000,606701.437500,2685697.000000
1730,2078490.625000,607208.937500,2685698.000000
1735,2077979.875000,607710.125000,2685679.250000
1740,2077491.375000,608207.937500,2685696.250000
1745,2076989.875000,608706.625000,2685692.750000
1750,2076488.875000,609199.125000,2685703.000000
1755,2076002.875000,609690.250000,2685705.000000
1760,2075510.500000,610183.437500,2685698.500000
1765,2075015.625000,610680.125000,2685679.750000
1770,2074526.250000,611166.062500,2685672.000000
1775,2074058.250000,611650.812500,2685670.500000
1780,2073561.625000,612134.500000,2685680.500000
1785,2073082.750000,612616.250000,2685684.000000
1790,2072594.750000,613101.937500,2685695.250000
1795,2072122.000000,613576.437500,2685691.500000
1800,2071651.375000,614046.750000,2685699.000000
1805,2071172.875000,614523.562500,2685701.750000
1810,2070706.500000,614993.312500,2685703.000000
1815,2070236.000000,615462.062500,2685715.500000
1820,2069758.875000,615933.000000,2685701.750000
1825,2069296.875000,616402.812500,2685707.750000
1830,2068821.375000,616879.625000,2685706.250000
1835,2068344.625000,617343.312500,2685709.250000
1840,2067892.375000,617803.500000,2685697.250000
1845,2067439.375000,618264.187500,2685692.750000
1850,2066975.750000,618721.375000,2685694.500000
1855,2066510.875000,619177.562500,2685681.500000
1860,2066066.750000,619630.875000,2685687.000000
1865,2065603.875000,620086.125000,2685696.250000
1870,2065159.375000,620538.687500,2685686.500000
1875,2064707.875000,620989.750000,2685685.000000
1880,2064253.000000,621436.625000,2685700.250000
1885,2063815.250000,621879.750000,2685685.000000
1890,2063362.000000,622322.687500,2685688.750000
1895,2062921.375000,622771.375000,2685697.000000
1900,2062482.750000,623212.375000,2685695.250000
1905,2062043.500000,623647.937500,2685700.500000
1910,2061614.000000,624080.437500,2685706.500000
1915,2061177.625000,624515.437500,2685711.750000
1920,2060747.750000,624945.000000,2685706.750000
1925,2060322.000000,625367.250000,2685693.250000
1930,2059902.875000,625788.187500,2685688.250000
1935,2059492.250000,626209.125000,2685685.750000
1940,2059066.750000,626625.437500,2685696.750000
1945,2058647.750000,627046.500000,2685693.250000
1950,2058228.750000,627461.000000,2685693.000000
1955,2057817.875000,627870.437500,2685683.500000
1960,2057415.375000,628282.500000,2685680.250000
1965,2057003.000000,628697.000000,2685689.250000
1970,2056590.375000,629103.250000,2685688.000000
1975,2056181.000000,629507.125000,2685697.250000
1980,2055777.875000,629910.625000,2685683.750000
1985,2055381.125000,630311.937500,2685690.750000
1990,2054984.375000,630709.875000,2685696.000000
1995,2054585.750000,631104.375000,2685700.250000
2000,2054185.125000,631506.562500,2685692.000000
2005,2053796.125000,631890.812500,2685690.500000
2010,2053407.375000,632285.687500,2685693.250000
2015,2053004.250000,632678.375000,2685698.000000
2020,2052617.500000,633068.562500,2685703.000000
2025,2052233.000000,633454.125000,2685695.500000
2030,2051849.625000,633843.312500,2685689.500000
2035,2051462.250000,634233.187500,2685702.750000
2040,2051070.750000,634615.250000,2685692.000000
2045,2050690.375000,634997.437500,2685690.000000
2050,2050308.375000,635377.437500,2685685.500000
2055,2049927.375000,635760.312500,2685689.750000
2060,2049546.000000,636138.125000,2685697.750000
2065,2049182.625000,636510.062500,2685704.000000
2070,2048801.375000,636882.125000,2685714.500000
2075,2048433.750000,637255.750000,2685695.500000
2080,2048074.625000,637619.000000,2685701.750000
2085,2047698.125000,637981.000000,2685693.250000
2090,2047341.500000,638339.375000,2685680.000000
2095,2046995.000000,638692.562500,2685685.250000
2100,2046640.750000,639048.500000,2685690.750000
2105,2046291.875000,639399.125000,2685694.250000
2110,2045941.125000,639746.125000,2685696.250000
2115,2045602.250000,640088.625000,2685678.250000
2120,2045250.375000,640435.250000,2685677.250000
2125,2044918.125000,640777.312500,2685677.000000
2130,2044572.500000,641112.937500,2685673.000000
2135,2044233.875000,641447.687500,2685673.250000
2140,2043896.250000,641782.750000,2685670.250000
2145,2043555.375000,642120.312500,2685685.500000
2150,2043234.375000,642449.187500,2685675.500000
2155,2042915.875000,642768.625000,2685685.250000
2160,2042591.250000,643088.312500,2685679.000000
2165,2042277.500000,643403.875000,2685670.750000
2170,2041968.625000,643719.500000,2685671.250000
2175,2041644.625000,644041.000000,2685677.500000
2180,2041318.375000,644355.500000,2685679.750000
2185,2041022.500000,644661.062500,2685680.250000
2190,2040708.750000,644965.937500,2685676.250000
2195,2040409.875000,645272.312500,2685692.000000
2200,2040092.375000,645579.812500,2685687.000000
2205,2039797.625000,645885.562500,2685682.750000
2210,2039487.250000,646188.687500,2685681.000000
2215,2039187.250000,646485.875000,2685677.500000
2220,2038900.625000,646778.937500,2685666.750000
2225,2038619.625000,647067.625000,2685676.250000
2230,2038320.375000,647355.875000,2685670.500000
2235,2038019.375000,647648.187500,2685668.750000
2240,2037744.500000,647932.687500,2685672.250000
2245,2037475.375000,648210.500000,2685680.250000
2250,2037190.500000,648484.312500,2685674.250000
2255,2036915.500000,648765.000000,2685672.750000
2260,2036634.375000,649032.437500,2685685.750000
2265,2036368.500000,649300.062500,2685677.500000
2270,2036105.250000,649570.187500,2685686.250000
2275,2035841.375000,649837.062500,2685677.000000
2280,2035589.250000,650093.687500,2685669.750000
2285,2035309.875000,650357.875000,2685667.000000
2290,2035045.625000,650616.312500,2685671.750000
2295,2034795.125000,650876.750000,2685668.500000
2300,2034551.250000,651125.812500,2685679.000000
2305,2034292.375000,651382.062500,2685681.500000
2310,2034041.750000,651634.000000,2685686.500000
2315,2033795.000000,651877.687500,2685678.500000
2320,2033554.000000,652121.187500,2685682.250000
2325,2033304.875000,652367.062500,2685678.000000
2330,2033063.000000,652604.625000,2685681.500000
2335,2032836.000000,652838.312500,2685662.250000
2340,2032600.750000,653074.250000,2685665.250000
2345,2032364.375000,653309.187500,2685665.750000
2350,2032135.500000,653539.000000,2685668.750000
2355,2031910.875000,653766.125000,2685681.750000
2360,2031685.250000,653989.000000,2685669.750000
2365,2031452.750000,654219.250000,2685675.500000
2370,2031222.625000,654440.375000,2685684.500000
2375,2031010.000000,654663.062500,2685684.250000
2380,2030796.250000,654881.562500,2685670.000000
2385,2030578.125000,655092.562500,2685672.500000
2390,2030369.625000,655302.125000,2685683.500000
2395,2030161.875000,655512.375000,2685671.250000
2400,2029958.500000,655723.250000,2685673.500000
2405,2029747.375000,655935.500000,2685664.500000
2410,2029542.500000,656142.375000,2685665.000000
2415,2029328.500000,656351.187500,2685670.250000
2420,2029125.000000,656557.812500,2685672.000000
2425,2028908.000000,656759.750000,2685681.500000
2430,2028707.500000,656961.875000,2685675.250000
2435,2028525.625000,657146.437500,2685672.250000
2440,2028315.625000,657349.000000,2685665.750000
2445,2028128.625000,657542.375000,2685668.000000
2450,2027929.625000,657739.562500,2685686.750000
2455,2027739.875000,657932.625000,2685678.500000
2460,2027546.500000,658116.937500,2685655.750000
2465,2027350.625000,658319.687500,2685662.750000
2470,2027168.625000,658508.125000,2685670.750000
2475,2026979.375000,658700.687500,2685684.750000
2480,2026783.375000,658890.750000,2685678.000000
2485,2026596.375000,659078.875000,2685654.000000
2490,2026411.250000,659263.312500,2685651.250000
2495,2026235.125000,659444.937500,2685669.750000
2500,2026044.000000,659624.625000,2685664.250000
2505,2025874.125000,659798.250000,2685686.250000
2510,2025700.000000,659971.312500,2685675.750000
2515,2025518.875000,660156.062500,2685668.500000
2520,2025335.875000,660331.437500,2685681.750000
2525,2025167.750000,660505.875000,2685678.000000
2530,2024991.625000,660684.125000,2685671.250000
2535,2024822.250000,660852.562500,2685669.750000
2540,2024668.750000,661015.250000,2685659.500000
2545,2024497.375000,661181.250000,2685658.000000
2550,2024315.125000,661355.500000,2685665.250000
2555,2024139.000000,661531.875000,2685667.750000
2560,2023967.625000,661703.500000,2685685.000000
2565,2023802.125000,661868.687500,2685676.000000
2570,2023646.250000,662018.625000,2685666.250000
2575,2023495.500000,662182.125000,2685668.750000
2580,2023343.000000,662335.125000,2685667.500000
2585,2023173.875000,662500.187500,2685664.250000
2590,2023007.250000,662655.562500,2685670.500000
2595,2022865.500000,662807.562500,2685664.000000
2600,2022703.625000,662958.125000,2685661.500000
2605,2022552.500000,663114.500000,2685660.500000
2610,2022409.250000,663259.062500,2685664.000000
2615,2022250.625000,663404.125000,2685673.000000
2620,2022111.625000,663558.312500,2685666.750000
2625,2021959.375000,663703.000000,2685654.250000
2630,2021811.875000,663845.125000,2685679.250000
2635,2021671.000000,663991.687500,2685674.500000
2640,2021536.375000,664132.125000,2685671.500000
2645,2021396.375000,664277.312500,2685669.000000
2650,2021240.500000,664419.687500,2685663.500000
2655,2021100.375000,664556.000000,2685668.250000
2660,2020972.875000,664699.000000,2685662.250000
2665,2020824.750000,664840.625000,2685662.000000
2670,2020693.375000,664971.062500,2685646.250000
2675,2020548.500000,665111.937500,2685650.000000
2680,2020418.500000,665246.750000,2685648.250000
2685,2020278.250000,665378.437500,2685655.250000
2690,2020154.750000,665516.812500,2685654.250000
2695,2020024.000000,665653.187500,2685666.500000
2700,2019878.375000,665785.562500,2685669.500000
2705,2019745.500000,665918.312500,2685677.750000
2710,2019618.375000,666043.687500,2685665.750000
2715,2019501.750000,666163.500000,2685662.750000
2720,2019376.250000,666291.250000,2685657.500000
2725,2019242.500000,666426.250000,2685660.750000
2730,2019106.625000,666553.375000,2685659.000000
2735,2018984.250000,666678.500000,2685649.000000
2740,2018859.125000,666801.562500,2685669.000000
2745,2018744.125000,666914.250000,2685660.250000
2750,2018640.375000,667023.750000,2685663.500000
2755,2018540.500000,667124.125000,2685670.250000
2760,2018435.125000,667227.000000,2685673.500000
2765,2018326.500000,667336.812500,2685664.250000
2770,2018216.000000,667450.187500,2685658.750000
2775,2018108.250000,667556.625000,2685657.250000
2780,2018006.875000,667653.625000,2685654.250000
2785,2017899.750000,667764.875000,2685659.250000
2790,2017775.250000,667872.312500,2685655.250000
2795,2017681.250000,667969.187500,2685662.250000
2800,2017580.125000,668076.687500,2685647.500000
2805,2017479.125000,668178.062500,2685652.000000
2810,2017377.250000,668278.937500,2685647.000000
2815,2017281.750000,668378.000000,2685653.250000
2820,2017187.250000,668465.750000,2685659.500000
2825,2017085.375000,668569.875000,2685649.250000
2830,2016973.250000,668671.750000,2685653.500000
2835,2016885.750000,668766.312500,2685658.000000
2840,2016790.500000,668868.125000,2685650.250000
2845,2016701.875000,668958.250000,2685635.750000
2850,2016594.750000,669053.937500,2685654.250000
2855,2016505.125000,669149.312500,2685644.750000
2860,2016423.625000,669227.062500,2685663.500000
2865,2016338.625000,669320.125000,2685658.000000
2870,2016249.500000,669405.375000,2685657.000000
2875,2016153.125000,669493.375000,2685663.500000
2880,2016072.750000,669583.187500,2685667.750000
2885,2015978.500000,669668.937500,2685654.000000
2890,2015901.125000,669757.437500,2685654.750000
2895,2015807.000000,669850.312500,2685649.000000
2900,2015726.625000,669929.875000,2685642.000000
2905,2015641.875000,670014.125000,2685651.500000
2910,2015557.750000,670099.062500,2685649.250000
2915,2015467.125000,670182.187500,2685662.500000
2920,2015379.750000,670269.500000,2685647.750000
2925,2015295.625000,670349.812500,2685656.250000
2930,2015219.000000,670427.125000,2685647.250000
2935,2015152.125000,670506.062500,2685644.750000
2940,2015080.750000,670573.937500,2685649.750000
2945,2014999.625000,670652.000000,2685658.500000
2950,2014928.125000,670725.812500,2685653.250000
2955,2014862.500000,670790.500000,2685663.750000
2960,2014791.125000,670860.875000,2685656.250000
2965,2014719.250000,670931.437500,2685656.000000
2970,2014653.250000,671004.375000,2685636.000000
2975,2014574.875000,671072.000000,2685646.000000
2980,2014509.750000,671135.937500,2685650.500000
2985,2014449.875000,671198.375000,2685666.750000
2990,2014388.875000,671255.750000,2685670.000000
2995,2014331.625000,671310.312500,2685662.500000
3000,2014294.250000,671369.187500,2685659.750000
3005,2014228.375000,671422.937500,2685648.250000
3010,2014177.625000,671475.375000,2685654.000000
3015,2014126.000000,671527.875000,2685653.750000
3020,2014059.750000,671593.375000,2685649.250000
3025,2014001.625000,671649.750000,2685645.750000
3030,2013948.000000,671709.125000,2685657.750000
3035,2013885.375000,671763.312500,2685660.750000
3040,2013832.375000,671813.625000,2685664.000000
3045,2013778.000000,671867.625000,2685666.000000
3050,2013727.500000,671923.062500,2685662.250000
3055,2013676.375000,671975.187500,2685662.750000
3060,2013620.250000,672030.750000,2685655.250000
3065,2013577.500000,672077.000000,2685655.250000
3070,2013525.750000,672132.125000,2685661.500000
3075,2013472.500000,672182.750000,2685657.250000
3080,2013424.000000,672232.437500,2685652.250000
3085,2013374.375000,672277.437500,2685655.000000
3090,2013327.750000,672330.750000,2685664.500000
3095,2013277.125000,672376.687500,2685661.000000
3100,2013222.375000,672421.062500,2685650.500000
3105,2013188.875000,672469.375000,2685649.500000
3110,2013145.750000,672510.812500,2685650.000000
3115,2013110.625000,672549.312500,2685649.500000
3120,2013059.250000,672595.312500,2685648.000000
3125,2013008.125000,672638.500000,2685647.250000
3130,2012974.375000,672672.500000,2685638.750000
3135,2012935.375000,672711.812500,2685644.500000
3140,2012902.500000,672744.687500,2685647.250000
3145,2012878.125000,672772.000000,2685641.750000
3150,2012866.750000,672794.062500,2685642.500000
3155,2012837.125000,672813.375000,2685634.000000
3160,2012818.625000,672833.875000,2685647.250000
3165,2012809.875000,672837.437500,2685646.000000
3170,2012773.625000,672873.125000,2685657.750000
3175,2012758.375000,672893.000000,2685672.000000
3180,2012731.750000,672918.187500,2685664.250000
3185,2012707.250000,672945.250000,2685656.000000
3190,2012678.875000,672969.500000,2685650.750000
3195,2012656.750000,672980.375000,2685649.500000
3200,2012655.750000,672990.250000,2685655.250000
3205,2012639.875000,673012.187500,2685639.750000
3210,2012629.375000,673022.625000,2685650.000000
3215,2012620.125000,673028.062500,2685647.000000
3220,2012611.625000,673040.937500,2685655.000000
3225,2012603.125000,673052.687500,2685656.000000
3230,2012574.125000,673074.000000,2685649.500000
3235,2012560.625000,673086.000000,2685657.000000
3240,2012552.500000,673096.562500,2685644.750000
3245,2012545.625000,673108.500000,2685649.000000
3250,2012533.000000,673110.000000,2685651.250000
3255,2012526.500000,673110.687500,2685640.750000
3260,2012521.000000,673132.875000,2685641.500000
3265,2012510.875000,673140.812500,2685652.750000
3270,2012489.875000,673147.812500,2685652.500000
3275,2012492.500000,673150.062500,2685662.000000
3280,2012494.375000,673154.562500,2685649.000000
3285,2012509.625000,673148.500000,2685658.500000
3290,2012515.000000,673142.750000,2685648.250000
3295,2012509.750000,673140.687500,2685649.500000
3300,2012514.375000,673133.250000,2685634.000000
3305,2012529.000000,673128.000000,2685642.500000
3310,2012522.625000,673125.687500,2685656.250000
3315,2012525.250000,673119.687500,2685643.250000
3320,2012519.625000,673120.562500,2685651.250000
3325,2012527.750000,673111.062500,2685648.500000
3330,2012552.875000,673098.125000,2685643.750000
3335,2012548.375000,673102.000000,2685634.500000
3340,2012558.875000,673095.625000,2685637.000000
3345,2012560.125000,673081.812500,2685639.750000
3350,2012579.000000,673072.000000,2685635.000000
3355,2012601.500000,673047.875000,2685634.750000
3360,2012599.250000,673045.125000,2685643.000000
3365,2012609.375000,673028.937500,2685636.500000
3370,2012625.625000,673014.562500,2685639.250000
3375,2012643.125000,672998.937500,2685629.500000
3380,2012668.125000,672974.125000,2685628.500000
3385,2012682.375000,672959.000000,2685648.750000
3390,2012703.125000,672937.125000,2685632.750000
3395,2012722.000000,672916.687500,2685645.250000
3400,2012748.125000,672890.125000,2685633.000000
3405,2012781.625000,672866.062500,2685640.250000
3410,2012821.250000,672830.750000,2685644.500000
3415,2012850.000000,672799.500000,2685652.750000
3420,2012870.375000,672768.937500,2685647.750000
3425,2012919.750000,672740.625000,2685646.750000
3430,2012939.750000,672704.312500,2685649.750000
3435,2012981.750000,672661.437500,2685649.750000
3440,2013033.125000,672604.250000,2685646.250000
3445,2013072.750000,672568.187500,2685640.000000
3450,2013107.500000,672533.937500,2685642.000000
3455,2013147.000000,672492.687500,2685653.000000
3460,2013197.875000,672452.250000,2685657.750000
3465,2013231.625000,672421.375000,2685645.000000
3470,2013260.875000,672381.187500,2685642.750000
3475,2013306.625000,672348.937500,2685655.000000
3480,2013342.125000,672311.312500,2685659.750000
3485,2013380.750000,672272.500000,2685652.500000
3490,2013415.250000,672231.625000,2685641.500000
3495,2013453.625000,672184.937500,2685643.000000
3500,2013504.375000,672150.187500,2685642.750000
3505,2013539.750000,672108.000000,2685638.000000
3510,2013586.500000,672067.687500,2685646.500000
3515,2013632.500000,672015.750000,2685639.000000
3520,2013678.250000,671970.125000,2685637.750000
3525,2013734.500000,671920.062500,2685640.500000
3530,2013770.000000,671885.562500,2685643.500000
3535,2013800.125000,671842.375000,2685643.250000
3540,2013850.000000,671797.062500,2685668.500000
3545,2013899.500000,671747.937500,2685655.000000
3550,2013956.125000,671695.437500,2685651.250000
3555,2013999.000000,671640.937500,2685651.750000
3560,2014051.125000,671591.312500,2685647.000000
3565,2014111.750000,671544.187500,2685645.250000
3570,2014143.750000,671498.500000,2685641.000000
3575,2014198.625000,671447.437500,2685651.250000
3580,2014264.000000,671389.312500,2685664.000000
3585,2014304.625000,671332.562500,2685651.500000
3590,2014370.125000,671278.312500,2685651.000000
3595,2014431.250000,671216.000000,2685664.250000
3600,2014480.625000,671154.312500,2685648.500000
3605,2014555.625000,671091.812500,2685656.750000
3610,2014619.500000,671024.437500,2685647.500000
3615,2014689.500000,670958.250000,2685653.750000
3620,2014756.500000,670884.562500,2685639.750000
3625,2014835.000000,670816.937500,2685639.750000
3630,2014885.375000,670754.625000,2685643.500000
3635,2014939.375000,670694.187500,2685633.750000
3640,2015012.375000,670630.187500,2685648.500000
3645,2015078.375000,670566.125000,2685638.250000
3650,2015151.875000,670495.125000,2685636.500000
3655,2015211.375000,670423.625000,2685639.750000
3660,2015292.000000,670353.000000,2685620.750000
3665,2015352.125000,670284.625000,2685633.000000
3670,2015426.750000,670222.312500,2685649.000000
3675,2015491.625000,670153.250000,2685647.250000
3680,2015547.625000,670085.062500,2685640.250000
3685,2015627.375000,670018.250000,2685634.000000
3690,2015685.375000,669958.625000,2685630.500000
3695,2015750.125000,669891.312500,2685641.500000
3700,2015818.875000,669827.375000,2685636.750000
3705,2015885.250000,669762.125000,2685649.250000
3710,2015949.750000,669693.937500,2685639.500000
3715,2016016.125000,669633.500000,2685641.500000
3720,2016075.875000,669562.937500,2685645.250000
3725,2016158.500000,669483.812500,2685639.000000
3730,2016214.125000,669424.125000,2685637.000000
3735,2016275.750000,669360.500000,2685652.250000
3740,2016341.625000,669287.062500,2685652.500000
3745,2016406.250000,669223.937500,2685632.750000
3750,2016480.000000,669158.187500,2685638.750000
3755,2016555.125000,669081.875000,2685648.250000
3760,2016614.750000,669011.687500,2685641.500000
3765,2016702.125000,668935.125000,2685634.750000
3770,2016777.250000,668863.875000,2685640.000000
3775,2016842.875000,668785.500000,2685646.250000
3780,2016920.375000,668721.375000,2685648.250000
3785,2016983.375000,668650.750000,2685643.500000
3790,2017051.750000,668579.437500,2685637.000000
3795,2017134.500000,668501.125000,2685636.250000
3800,2017208.000000,668427.875000,2685639.000000
3805,2017289.000000,668355.062500,2685636.750000
3810,2017361.750000,668280.062500,2685642.500000
3815,2017456.000000,668198.000000,2685642.750000
3820,2017511.125000,668128.687500,2685634.500000
3825,2017588.250000,668056.687500,2685628.000000
3830,2017673.125000,667977.375000,2685640.750000
3835,2017758.250000,667888.312500,2685632.000000
3840,2017823.875000,667820.437500,2685643.500000
3845,2017907.250000,667730.312500,2685631.250000
3850,2017972.000000,667661.937500,2685629.250000
3855,2018051.750000,667584.187500,2685635.500000
3860,2018135.375000,667497.687500,2685633.750000
3865,2018214.125000,667424.750000,2685629.000000
3870,2018306.625000,667340.250000,2685637.250000
3875,2018379.875000,667259.125000,2685625.000000
3880,2018453.750000,667190.500000,2685624.000000
3885,2018531.750000,667110.125000,2685628.500000
3890,2018611.250000,667033.312500,2685623.000000
3895,2018676.125000,666967.375000,2685623.750000
3900,2018741.750000,666889.125000,2685636.250000
3905,2018827.625000,666815.000000,2685637.000000
3910,2018898.250000,666739.250000,2685630.500000
3915,2018975.250000,666661.437500,2685624.500000
3920,2019051.625000,666587.375000,2685641.000000
3925,2019139.625000,666501.437500,2685630.250000
3930,2019224.500000,666415.937500,2685641.500000
3935,2019301.125000,666334.375000,2685643.750000
3940,2019397.750000,666247.187500,2685642.000000
3945,2019477.500000,666161.000000,2685640.250000
3950,2019560.125000,666073.937500,2685649.500000
3955,2019656.125000,665986.000000,2685647.500000
3960,2019737.375000,665900.875000,2685638.750000
3965,2019832.750000,665807.000000,2685640.750000
3970,2019911.500000,665724.625000,2685642.500000
3975,2020007.875000,665631.250000,2685646.250000
3980,2020090.000000,665552.375000,2685661.250000
3985,2020165.375000,665467.750000,2685653.250000
3990,2020255.125000,665385.937500,2685644.250000
3995,2020341.625000,665293.875000,2685638.250000
4000,2020425.000000,665207.312500,2685645.500000
4005,2020514.250000,665123.812500,2685641.500000
4010,2020590.500000,665037.437500,2685635.750000
4015,2020678.375000,664953.687500,2685626.500000
4020,2020760.500000,664871.312500,2685632.500000
4025,2020854.375000,664784.875000,2685641.000000
4030,2020940.000000,664700.125000,2685621.750000
4035,2021024.375000,664608.625000,2685638.500000
4040,2021132.000000,664510.125000,2685646.000000
4045,2021222.500000,664421.687500,2685639.250000
4050,2021311.625000,664333.125000,2685644.750000
4055,2021396.625000,664242.375000,2685639.000000
4060,2021487.125000,664158.250000,2685631.500000
4065,2021585.000000,664064.562500,2685638.500000
4070,2021665.125000,663978.062500,2685628.750000
4075,2021751.875000,663882.625000,2685628.500000
4080,2021846.500000,663789.250000,2685623.500000
4085,2021942.875000,663696.062500,2685629.500000
4090,2022031.250000,663603.437500,2685636.500000
4095,2022120.625000,663513.312500,2685631.250000
4100,2022224.875000,663423.062500,2685643.000000
4105,2022305.375000,663336.000000,2685652.000000
4110,2022392.375000,663240.062500,2685634.000000
4115,2022488.000000,663161.812500,2685648.250000
4120,2022558.125000,663080.875000,2685627.250000
4125,2022645.375000,662998.000000,2685625.500000
4130,2022736.000000,662902.125000,2685624.500000
4135,2022825.250000,662811.375000,2685625.500000
4140,2022921.750000,662709.750000,2685632.250000
4145,2023015.875000,662614.625000,2685624.250000
4150,2023102.625000,662521.437500,2685636.750000
4155,2023198.125000,662434.875000,2685637.000000
4160,2023305.750000,662337.937500,2685637.500000
4165,2023384.250000,662244.250000,2685622.500000
4170,2023475.500000,662152.437500,2685624.000000
4175,2023572.750000,662060.062500,2685625.500000
4180,2023661.250000,661966.937500,2685628.250000
4185,2023771.125000,661870.375000,2685630.250000
4190,2023866.000000,661782.500000,2685637.500000
4195,2023950.875000,661685.312500,2685636.750000
4200,2024032.625000,661605.125000,2685634.750000
4205,2024123.250000,661506.562500,2685628.750000
4210,2024222.875000,661405.187500,2685638.250000
4215,2024324.875000,661302.312500,2685622.000000
4220,2024420.375000,661213.562500,2685629.750000
4225,2024508.375000,661120.937500,2685616.250000
4230,2024609.125000,661028.500000,2685625.500000
4235,2024700.125000,660929.312500,2685630.500000
4240,2024804.250000,660835.250000,2685643.000000
4245,2024911.125000,660733.750000,2685649.750000
4250,2024995.500000,660640.875000,2685641.750000
4255,2025090.750000,660548.687500,2685642.500000
4260,2025184.250000,660445.250000,2685646.750000
4265,2025284.750000,660350.250000,2685633.250000
4270,2025390.750000,660241.000000,2685631.750000
4275,2025497.375000,660145.437500,2685639.500000
4280,2025591.125000,660044.250000,2685625.250000
4285,2025688.375000,659936.750000,2685640.500000
4290,2025801.000000,659835.937500,2685638.250000
4295,2025911.500000,659725.125000,2685633.750000
4300,2026018.125000,659615.250000,2685633.000000
4305,2026122.250000,659503.750000,2685622.500000
4310,2026236.375000,659392.937500,2685637.500000
4315,2026356.625000,659282.312500,2685629.750000
4320,2026459.000000,659170.625000,2685630.500000
4325,2026570.750000,659065.187500,2685631.500000
4330,2026687.875000,658952.437500,2685639.750000
4335,2026795.500000,658846.812500,2685645.750000
4340,2026909.500000,658728.937500,2685643.000000
4345,2027004.875000,658638.625000,2685648.750000
4350,2027105.000000,658535.000000,2685641.000000
4355,2027214.875000,658427.250000,2685626.000000
4360,2027309.125000,658324.750000,2685626.750000
4365,2027410.375000,658226.625000,2685630.500000
4370,2027531.125000,658113.937500,2685633.500000
4375,2027641.750000,657999.625000,2685635.250000
4380,2027737.375000,657903.500000,2685634.250000
4385,2027835.750000,657796.187500,2685629.750000
4390,2027947.125000,657689.625000,2685639.250000
4395,2028046.875000,657584.187500,2685645.250000
4400,2028154.125000,657482.125000,2685635.250000
4405,2028254.250000,657372.750000,2685635.500000
4410,2028365.750000,657265.062500,2685637.750000
4415,2028469.625000,657150.187500,2685638.500000
4420,2028594.375000,657048.687500,2685633.250000
4425,2028701.375000,656930.437500,2685636.250000
4430,2028813.500000,656819.500000,2685635.750000
4435,2028935.000000,656705.687500,2685633.500000
4440,2029038.375000,656596.687500,2685638.000000
4445,2029144.500000,656479.750000,2685632.500000
4450,2029256.750000,656372.250000,2685626.000000
4455,2029374.375000,656259.437500,2685620.750000
4460,2029479.250000,656156.500000,2685627.750000
4465,2029594.375000,656040.312500,2685622.000000
4470,2029725.875000,655928.375000,2685629.750000
4475,2029811.250000,655822.125000,2685628.750000
4480,2029928.125000,655712.750000,2685639.250000
4485,2030041.625000,655594.500000,2685628.500000
4490,2030153.375000,655483.375000,2685621.750000
4495,2030264.875000,655371.750000,2685621.250000
4500,2030366.750000,655260.687500,2685630.750000
4505,2030474.250000,655153.062500,2685630.000000
4510,2030599.250000,655044.062500,2685626.250000
4515,2030692.750000,654932.500000,2685631.750000
4520,2030811.875000,654820.062500,2685638.000000
4525,2030918.750000,654704.062500,2685631.000000
4530,2031049.250000,654573.062500,2685624.000000
4535,2031164.500000,654461.062500,2685645.000000
4540,2031285.625000,654350.187500,2685641.000000
4545,2031397.500000,654231.187500,2685649.250000
4550,2031509.125000,654119.812500,2685638.750000
4555,2031623.250000,654008.687500,2685619.750000
4560,2031736.125000,653900.812500,2685627.750000
4565,2031839.500000,653788.437500,2685627.000000
4570,2031969.750000,653670.750000,2685629.750000
4575,2032080.625000,653555.125000,2685627.000000
4580,2032195.875000,653443.625000,2685631.750000
4585,2032296.250000,653325.562500,2685630.000000
4590,2032409.250000,653217.562500,2685628.750000
4595,2032527.375000,653104.875000,2685627.000000
4600,2032650.875000,652985.937500,2685640.000000
4605,2032767.500000,652869.062500,2685632.500000
4610,2032876.625000,652756.125000,2685624.250000
4615,2032989.375000,652640.375000,2685621.750000
4620,2033101.625000,652526.687500,2685626.250000
4625,2033221.500000,652413.125000,2685639.250000
4630,2033337.750000,652299.875000,2685638.500000
4635,2033439.375000,652189.687500,2685632.000000
4640,2033564.875000,652072.625000,2685627.250000
4645,2033668.250000,651964.375000,2685649.000000
4650,2033776.500000,651851.687500,2685621.500000
4655,2033893.125000,651744.937500,2685618.250000
4660,2033999.750000,651634.375000,2685631.250000
4665,2034109.250000,651524.437500,2685634.750000
4670,2034212.875000,651411.625000,2685632.250000
4675,2034331.125000,651297.750000,2685647.750000
4680,2034441.125000,651198.687500,2685637.500000
4685,2034539.875000,651099.125000,2685633.000000
4690,2034645.375000,650987.062500,2685633.000000
4695,2034761.625000,650879.187500,2685641.250000
4700,2034849.125000,650773.062500,2685634.750000
4705,2034961.875000,650669.875000,2685639.750000
4710,2035079.375000,650559.750000,2685636.250000
4715,2035192.625000,650451.687500,2685634.500000
4720,2035300.875000,650340.500000,2685629.250000
4725,2035405.250000,650228.312500,2685626.750000
4730,2035520.625000,650116.750000,2685637.000000
4735,2035633.875000,650003.187500,2685627.750000
4740,2035735.875000,649895.187500,2685630.500000
4745,2035845.750000,649782.937500,2685635.000000
4750,2035962.750000,649661.750000,2685624.500000
4755,2036057.625000,649573.375000,2685620.500000
4760,2036171.125000,649467.625000,2685622.250000
4765,2036264.000000,649364.312500,2685630.250000
4770,2036369.000000,649264.125000,2685628.250000
4775,2036474.375000,649162.750000,2685632.750000
4780,2036571.500000,649064.875000,2685630.000000
4785,2036672.750000,648966.437500,2685636.500000
4790,2036769.125000,648860.000000,2685627.000000
4795,2036871.500000,648757.625000,2685631.250000
4800,2036986.375000,648656.625000,2685623.000000
4805,2037082.875000,648546.687500,2685630.500000
4810,2037200.375000,648439.875000,2685638.000000
4815,2037301.875000,648337.250000,2685636.000000
4820,2037406.125000,648231.687500,2685632.250000
4825,2037513.625000,648125.812500,2685623.000000
4830,2037623.125000,648015.250000,2685647.000000
4835,2037725.000000,647909.500000,2685638.000000
4840,2037836.000000,647799.312500,2685635.000000
4845,2037942.625000,647691.375000,2685637.000000
4850,2038054.250000,647579.187500,2685633.750000
4855,2038157.875000,647469.187500,2685620.000000
4860,2038281.250000,647356.062500,2685633.250000
4865,2038392.250000,647242.562500,2685652.250000
4870,2038498.375000,647128.750000,2685650.750000
4875,2038616.750000,647011.062500,2685653.750000
4880,2038744.125000,646893.250000,2685644.000000
4885,2038862.625000,646777.187500,2685644.500000
4890,2038968.625000,646664.062500,2685639.250000
4895,2039081.625000,646550.437500,2685636.000000
4900,2039202.000000,646436.812500,2685634.500000
4905,2039309.750000,646322.625000,2685634.000000
4910,2039423.625000,646202.000000,2685634.250000
4915,2039554.625000,646082.000000,2685644.250000
4920,2039673.250000,645967.500000,2685642.500000
4925,2039782.125000,645852.687500,2685648.750000
4930,2039903.375000,645726.500000,2685647.500000
4935,2040031.000000,645607.875000,2685639.000000
4940,2040150.500000,645481.562500,2685637.500000
4945,2040284.250000,645362.187500,2685628.000000
4950,2040389.875000,645255.500000,2685635.250000
4955,2040502.000000,645137.750000,2685640.000000
4960,2040628.375000,645024.375000,2685643.500000
4965,2040729.375000,644908.437500,2685642.000000
4970,2040841.625000,644792.812500,2685621.250000
4975,2040958.875000,644674.125000,2685631.500000
4980,2041082.625000,644555.625000,2685636.500000
4985,2041198.000000,644431.187500,2685631.750000
4990,2041302.125000,644318.375000,2685622.000000
4995,2041430.375000,644204.500000,2685625.000000
5000,2041546.875000,644089.000000,2685641.250000
5005,2041666.125000,643974.250000,2685649.500000
5010,2041790.000000,643854.312500,2685642.250000
5015,2041900.000000,643735.625000,2685644.000000
5020,2042017.875000,643621.750000,2685631.750000
5025,2042134.000000,643505.687500,2685637.250000
5030,2042244.250000,643394.125000,2685646.250000
5035,2042356.625000,643273.687500,2685643.250000
5040,2042483.000000,643153.875000,2685627.250000
5045,2042615.250000,643024.500000,2685626.500000
5050,2042727.250000,642911.937500,2685628.000000
5055,2042827.250000,642810.687500,2685631.000000
5060,2042934.750000,642701.375000,2685632.250000
5065,2043039.250000,642594.062500,2685640.500000
5070,2043154.625000,642474.750000,2685641.750000
5075,2043267.875000,642367.875000,2685648.000000
5080,2043369.875000,642262.250000,2685640.250000
5085,2043469.125000,642156.312500,2685627.750000
5090,2043591.375000,642049.750000,2685630.250000
5095,2043700.875000,641935.375000,2685627.250000
5100,2043817.625000,641822.187500,2685638.250000
5105,2043931.500000,641710.875000,2685643.000000
5110,2044037.250000,641595.062500,2685631.500000
5115,2044167.625000,641477.187500,2685640.250000
5120,2044273.375000,641361.125000,2685651.750000
5125,2044390.125000,641250.000000,2685640.750000
5130,2044507.875000,641133.437500,2685641.000000
5135,2044607.500000,641025.625000,2685627.000000
5140,2044721.375000,640918.875000,2685630.250000
5145,2044824.375000,640809.437500,2685640.500000
5150,2044940.125000,640701.625000,2685640.000000
5155,2045045.000000,640589.937500,2685643.500000
5160,2045148.750000,640485.000000,2685636.000000
5165,2045250.500000,640377.312500,2685635.500000
5170,2045359.250000,640271.437500,2685643.000000
5175,2045457.125000,640166.250000,2685633.750000
5180,2045580.250000,640059.875000,2685632.000000
5185,2045692.375000,639944.562500,2685643.250000
5190,2045794.500000,639833.250000,2685642.750000
5195,2045914.125000,639725.250000,2685641.750000
5200,2046028.375000,639607.250000,2685639.250000
5205,2046146.250000,639495.687500,2685637.000000
5210,2046260.625000,639378.375000,2685625.750000
5215,2046375.750000,639256.500000,2685631.250000
5220,2046497.125000,639138.500000,2685627.750000
5225,2046623.375000,639010.375000,2685629.500000
5230,2046755.750000,638887.875000,2685627.000000
5235,2046864.250000,638764.687500,2685632.250000
5240,2046995.000000,638643.875000,2685637.000000
5245,2047118.875000,638516.875000,2685630.500000
5250,2047246.625000,638387.250000,2685645.750000
5255,2047370.250000,638267.312500,2685628.500000
5260,2047482.875000,638150.312500,2685633.750000
5265,2047601.375000,638030.250000,2685634.250000
5270,2047718.000000,637913.812500,2685626.500000
5275,2047827.750000,637797.250000,2685620.000000
5280,2047957.250000,637676.500000,2685631.500000
5285,2048087.625000,637551.562500,2685629.500000
5290,2048195.875000,637434.812500,2685633.500000
5295,2048324.000000,637312.625000,2685634.000000
5300,2048440.375000,637192.937500,2685631.250000
5305,2048561.625000,637075.625000,2685629.750000
5310,2048675.375000,636961.500000,2685634.500000
5315,2048791.750000,636835.875000,2685639.250000
5320,2048915.375000,636721.187500,2685632.250000
5325,2049048.500000,636592.937500,2685634.750000
5330,2049171.000000,636466.750000,2685639.000000
5335,2049288.875000,636341.500000,2685634.750000
5340,2049414.500000,636223.687500,2685637.000000
5345,2049544.000000,636097.875000,2685633.000000
5350,2049671.000000,635965.562500,2685628.250000
5355,2049806.250000,635836.750000,2685639.750000
5360,2049923.000000,635714.125000,2685631.250000
5365,2050038.375000,635596.000000,2685646.750000
5370,2050156.125000,635474.312500,2685645.250000
5375,2050277.125000,635348.250000,2685633.000000
5380,2050406.375000,635219.812500,2685650.250000
5385,2050544.000000,635091.062500,2685645.750000
5390,2050676.000000,634954.125000,2685631.750000
5395,2050811.500000,634822.812500,2685629.750000
5400,2050955.125000,634684.312500,2685627.750000
5405,2051098.500000,634548.312500,2685626.000000
5410,2051230.250000,634406.875000,2685634.750000
5415,2051373.500000,634268.312500,2685633.250000
5420,2051497.250000,634139.125000,2685642.500000
5425,2051632.625000,634008.562500,2685639.000000
5430,2051759.500000,633876.500000,2685638.000000
5435,2051888.500000,633744.187500,2685637.500000
5440,2052034.375000,633607.750000,2685628.250000
5445,2052166.875000,633470.062500,2685634.000000
5450,2052307.125000,633336.312500,2685654.250000
5455,2052440.500000,633202.062500,2685646.500000
5460,2052564.000000,633066.500000,2685648.750000
5465,2052709.625000,632929.687500,2685636.500000
5470,2052847.375000,632784.625000,2685645.750000
5475,2052990.625000,632652.750000,2685638.750000
5480,2053143.625000,632507.437500,2685631.500000
5485,2053273.500000,632372.687500,2685635.750000
5490,2053403.125000,632238.250000,2685637.250000
5495,2053543.625000,632098.375000,2685641.000000
5500,2053665.625000,631963.375000,2685643.500000
5505,2053804.625000,631830.937500,2685633.000000
5510,2053947.250000,631698.875000,2685633.500000
5515,2054090.625000,631552.312500,2685627.000000
5520,2054223.125000,631409.750000,2685640.500000
5525,2054356.500000,631271.812500,2685643.500000
5530,2054507.125000,631129.062500,2685642.750000
5535,2054652.250000,631005.187500,2685643.500000
5540,2054772.875000,630870.062500,2685635.000000
5545,2054898.125000,630730.187500,2685639.750000
5550,2055050.875000,630596.250000,2685648.500000
5555,2055188.625000,630455.125000,2685655.750000
5560,2055309.375000,630325.500000,2685652.000000
5565,2055452.375000,630186.625000,2685652.500000
5570,2055570.500000,630055.937500,2685641.250000
5575,2055724.000000,629914.437500,2685639.750000
5580,2055861.250000,629781.750000,2685636.000000
5585,2055992.250000,629650.812500,2685635.500000
5590,2056133.750000,629513.937500,2685640.250000
5595,2056269.625000,629375.625000,2685651.000000
5600,2056418.625000,629223.937500,2685654.500000
5605,2056551.500000,629088.875000,2685648.000000
5610,2056700.625000,628940.000000,2685634.000000
5615,2056848.625000,628795.437500,2685641.000000
5620,2056992.625000,628655.375000,2685635.250000
5625,2057128.875000,628512.000000,2685640.250000
5630,2057271.750000,628363.625000,2685636.250000
5635,2057418.625000,628219.250000,2685637.250000
5640,2057572.125000,628076.312500,2685634.000000
5645,2057710.125000,627924.937500,2685637.500000
5650,2057868.000000,627781.125000,2685638.000000
5655,2057998.500000,627634.437500,2685639.750000
5660,2058163.250000,627479.875000,2685632.000000
5665,2058297.500000,627342.875000,2685632.000000
5670,2058440.375000,627201.437500,2685631.500000
5675,2058583.250000,627057.437500,2685636.250000
5680,2058721.000000,626915.125000,2685642.500000
5685,2058879.250000,626769.812500,2685644.250000
5690,2059021.750000,626620.937500,2685641.750000
5695,2059161.250000,626472.812500,2685641.000000
5700,2059313.375000,626330.625000,2685646.000000
5705,2059471.625000,626176.625000,2685639.750000
5710,2059619.375000,626023.687500,2685641.000000
5715,2059779.250000,625865.062500,2685645.000000
5720,2059935.375000,625702.125000,2685656.000000
5725,2060074.125000,625565.937500,2685662.500000
5730,2060225.000000,625411.875000,2685650.500000
5735,2060377.750000,625262.875000,2685645.250000
5740,2060526.000000,625114.750000,2685643.000000
5745,2060675.125000,624965.875000,2685636.000000
5750,2060839.125000,624809.250000,2685647.000000
5755,2060989.625000,624649.062500,2685644.500000
5760,2061152.500000,624490.687500,2685632.000000
5765,2061317.375000,624335.375000,2685639.500000
5770,2061474.875000,624174.875000,2685637.750000
5775,2061630.625000,624018.562500,2685640.500000
5780,2061795.375000,623862.000000,2685640.750000
5785,2061939.500000,623707.187500,2685640.750000
5790,2062092.875000,623547.437500,2685637.500000
5795,2062253.500000,623385.125000,2685637.750000
5800,2062410.000000,623221.500000,2685636.250000
5805,2062574.875000,623059.687500,2685637.750000
5810,2062741.375000,622897.375000,2685642.500000
5815,2062906.625000,622734.312500,2685632.750000
5820,2063074.875000,622571.000000,2685635.750000
5825,2063242.125000,622406.750000,2685641.500000
5830,2063395.625000,622244.937500,2685649.750000
5835,2063562.250000,622086.500000,2685649.250000
5840,2063714.000000,621927.375000,2685644.250000
5845,2063878.250000,621770.375000,2685651.000000
5850,2064045.250000,621606.437500,2685643.750000
5855,2064205.125000,621435.562500,2685649.000000
5860,2064368.375000,621267.937500,2685645.000000
5865,2064530.500000,621107.500000,2685637.500000
5870,2064684.500000,620952.812500,2685640.000000
5875,2064851.375000,620790.875000,2685643.750000
5880,2065029.000000,620612.937500,2685649.750000
5885,2065203.000000,620443.875000,2685649.000000
5890,2065358.375000,620277.687500,2685639.500000
5895,2065518.125000,620119.062500,2685644.250000
5900,2065683.500000,619958.062500,2685635.000000
5905,2065840.125000,619796.437500,2685639.000000
5910,2065998.125000,619635.562500,2685644.250000
5915,2066163.375000,619462.437500,2685642.000000
5920,2066333.375000,619305.062500,2685646.500000
5925,2066498.750000,619141.000000,2685646.500000
5930,2066657.125000,618975.562500,2685643.250000
5935,2066830.125000,618807.125000,2685644.750000
5940,2067012.625000,618637.500000,2685647.000000
5945,2067165.625000,618484.312500,2685642.250000
5950,2067315.250000,618321.937500,2685635.250000
5955,2067485.000000,618158.375000,2685635.000000
5960,2067645.125000,617989.875000,2685640.500000
5965,2067809.000000,617827.875000,2685650.500000
5970,2067967.875000,617672.125000,2685644.500000
5975,2068127.125000,617505.562500,2685643.750000
5980,2068299.000000,617338.625000,2685645.250000
5985,2068465.500000,617166.562500,2685640.750000
5990,2068641.375000,616998.500000,2685632.500000
5995,2068803.875000,616827.125000,2685628.750000
6000,2068980.000000,616660.437500,2685625.750000
6005,2069151.000000,616489.000000,2685632.250000
6010,2069319.125000,616316.625000,2685628.250000
6015,2069492.875000,616152.875000,2685628.750000
6020,2069656.875000,615984.500000,2685622.750000
6025,2069821.875000,615817.875000,2685635.250000
6030,2069972.375000,615661.250000,2685632.000000
6035,2070133.625000,615496.812500,2685633.750000
6040,2070304.250000,615330.062500,2685637.000000
6045,2070476.125000,615167.062500,2685648.750000
6050,2070633.750000,615000.750000,2685651.000000
6055,2070800.000000,614837.750000,2685654.250000
6060,2070965.000000,614672.750000,2685649.750000
6065,2071137.125000,614506.437500,2685641.750000
6070,2071308.625000,614335.000000,2685642.500000
6075,2071458.000000,614170.375000,2685644.000000
6080,2071632.625000,614011.375000,2685631.250000
6085,2071799.125000,613842.500000,2685635.000000
6090,2071968.375000,613677.937500,2685644.750000
6095,2072121.875000,613511.312500,2685644.500000
6100,2072298.375000,613350.375000,2685643.750000
6105,2072467.125000,613181.500000,2685644.750000
6110,2072619.250000,613015.562500,2685657.000000
6115,2072790.250000,612847.625000,2685648.750000
6120,2072965.875000,612675.250000,2685651.750000
6125,2073132.500000,612503.125000,2685647.000000
6130,2073303.250000,612334.375000,2685650.500000
6135,2073479.000000,612162.625000,2685636.500000
6140,2073653.375000,611988.812500,2685636.250000
6145,2073819.250000,611822.437500,2685633.500000
6150,2073981.750000,611665.687500,2685650.000000
6155,2074144.625000,611502.375000,2685636.250000
6160,2074297.375000,611342.000000,2685641.250000
6165,2074464.250000,611181.125000,2685631.000000
6170,2074625.125000,611013.500000,2685629.500000
6175,2074778.500000,610860.375000,2685621.000000
6180,2074941.250000,610701.625000,2685619.500000
6185,2075094.375000,610546.312500,2685627.250000
6190,2075256.375000,610389.062500,2685644.000000
6195,2075413.750000,610229.312500,2685657.500000
6200,2075582.875000,610067.125000,2685652.500000
6205,2075736.375000,609909.250000,2685642.000000
6210,2075890.750000,609745.562500,2685650.250000
6215,2076048.500000,609584.000000,2685652.250000
6220,2076218.250000,609424.125000,2685651.500000
6225,2076373.875000,609265.500000,2685644.500000
6230,2076549.500000,609099.875000,2685636.750000
6235,2076706.500000,608932.937500,2685632.500000
6240,2076869.250000,608770.250000,2685628.250000
6245,2077042.250000,608600.250000,2685627.000000
6250,2077202.375000,608438.437500,2685644.000000
6255,2077352.125000,608281.187500,2685647.000000
6260,2077516.500000,608113.937500,2685644.750000
6265,2077684.625000,607956.437500,2685644.750000
6270,2077835.750000,607803.937500,2685634.500000
6275,2077999.750000,607644.375000,2685617.500000
6280,2078152.875000,607488.875000,2685623.500000
6285,2078300.875000,607330.875000,2685626.500000
6290,2078465.000000,607179.750000,2685643.250000
6295,2078619.750000,607025.312500,2685638.250000
6300,2078775.750000,606863.875000,2685637.750000
6305,2078929.375000,606707.062500,2685636.500000
6310,2079096.000000,606550.562500,2685642.500000
6315,2079246.125000,606395.062500,2685642.750000
6320,2079402.250000,606230.000000,2685636.750000
6325,2079559.375000,606079.125000,2685639.750000
6330,2079721.375000,605919.812500,2685630.000000
6335,2079874.500000,605766.687500,2685635.250000
6340,2080039.000000,605611.500000,2685634.000000
6345,2080185.500000,605452.250000,2685629.750000
6350,2080327.875000,605312.937500,2685640.250000
6355,2080478.125000,605160.625000,2685632.250000
6360,2080636.625000,605003.375000,2685637.250000
6365,2080782.250000,604857.375000,2685641.000000
6370,2080935.375000,604702.687500,2685638.500000
6375,2081093.875000,604547.250000,2685630.750000
6380,2081247.750000,604394.375000,2685638.000000
6385,2081402.750000,604238.437500,2685633.500000
6390,2081542.125000,604094.312500,2685643.500000
6395,2081688.000000,603944.750000,2685643.250000
6400,2081845.000000,603796.562500,2685648.250000
6405,2081996.625000,603639.000000,2685636.000000
6410,2082159.000000,603482.875000,2685631.250000
6415,2082312.875000,603326.500000,2685632.000000
6420,2082461.875000,603170.625000,2685643.500000
6425,2082621.125000,603014.125000,2685640.500000
6430,2082770.375000,602861.312500,2685634.250000
6435,2082925.125000,602712.250000,2685642.500000
6440,2083082.250000,602564.187500,2685637.250000
6445,2083232.500000,602410.000000,2685648.750000
6450,2083377.750000,602258.875000,2685635.750000
6455,2083540.875000,602099.750000,2685636.000000
6460,2083684.875000,601950.437500,2685637.500000
6465,2083838.250000,601804.625000,2685625.250000
6470,2083985.750000,601649.375000,2685636.250000
6475,2084148.750000,601496.437500,2685644.000000
6480,2084299.000000,601344.625000,2685640.750000
6485,2084446.375000,601194.250000,2685628.000000
6490,2084589.750000,601048.125000,2685639.250000
6495,2084746.000000,600901.312500,2685640.250000
6500,2084888.250000,600750.562500,2685645.000000
6505,2085035.125000,600599.625000,2685645.250000
6510,2085173.000000,600456.625000,2685638.500000
6515,2085330.500000,600314.562500,2685648.250000
6520,2085481.375000,600165.687500,2685633.250000
6525,2085630.000000,600016.062500,2685628.000000
6530,2085761.125000,599882.250000,2685637.000000
6535,2085903.375000,599733.250000,2685644.750000
6540,2086047.125000,599592.562500,2685640.750000
6545,2086190.250000,599453.375000,2685638.250000
6550,2086332.125000,599311.562500,2685640.500000
6555,2086466.000000,599181.125000,2685650.500000
6560,2086597.000000,599041.000000,2685647.250000
6565,2086734.250000,598906.312500,2685646.750000
6570,2086865.375000,598775.062500,2685640.250000
6575,2087004.125000,598643.187500,2685631.250000
6580,2087137.625000,598502.937500,2685645.000000
6585,2087271.625000,598362.875000,2685646.500000
6590,2087422.625000,598222.187500,2685645.750000
6595,2087554.375000,598084.750000,2685648.000000
6600,2087683.000000,597953.875000,2685655.750000
6605,2087814.875000,597827.062500,2685649.000000
6610,2087950.000000,597690.687500,2685646.750000
6615,2088075.875000,597560.750000,2685640.000000
6620,2088220.250000,597434.125000,2685642.250000
6625,2088336.875000,597302.625000,2685648.750000
6630,2088464.875000,597176.437500,2685646.000000
6635,2088602.125000,597053.375000,2685638.250000
6640,2088712.750000,596930.562500,2685641.500000
6645,2088831.125000,596812.125000,2685640.500000
6650,2088953.500000,596689.812500,2685657.250000
6655,2089079.250000,596563.437500,2685646.500000
6660,2089208.625000,596434.625000,2685646.500000
6665,2089331.125000,596318.312500,2685650.250000
6670,2089451.000000,596196.437500,2685632.750000
6675,2089574.750000,596068.312500,2685625.500000
6680,2089694.875000,595940.187500,2685634.000000
6685,2089824.125000,595816.375000,2685640.500000
6690,2089951.625000,595694.750000,2685646.500000
6695,2090073.875000,595573.562500,2685638.500000
6700,2090196.875000,595452.437500,2685638.500000
6705,2090314.000000,595333.250000,2685645.500000
6710,2090430.125000,595212.687500,2685628.000000
6715,2090550.000000,595090.375000,2685644.750000
6720,2090673.250000,594969.500000,2685650.250000
6725,2090797.625000,594850.625000,2685641.500000
6730,2090903.625000,594736.937500,2685641.250000
6735,2091012.125000,594624.687500,2685638.750000
6740,2091130.125000,594507.750000,2685642.250000
6745,2091247.875000,594388.750000,2685644.750000
6750,2091369.875000,594274.250000,2685640.250000
6755,2091473.625000,594165.875000,2685652.500000
6760,2091588.375000,594050.625000,2685646.250000
6765,2091711.750000,593939.125000,2685643.250000
6770,2091830.250000,593819.187500,2685639.500000
6775,2091946.500000,593698.812500,2685633.250000
6780,2092065.125000,593580.562500,2685640.000000
6785,2092188.375000,593454.187500,2685636.750000
6790,2092310.500000,593334.750000,2685647.750000
6795,2092423.750000,593219.625000,2685651.250000
6800,2092543.750000,593100.625000,2685645.750000
6805,2092652.500000,592992.437500,2685647.750000
6810,2092762.750000,592882.250000,2685644.250000
6815,2092880.000000,592775.437500,2685645.000000
6820,2092990.000000,592660.250000,2685649.750000
6825,2093089.875000,592549.812500,2685637.500000
6830,2093212.375000,592435.937500,2685651.500000
6835,2093318.250000,592329.312500,2685659.500000
6840,2093431.875000,592218.625000,2685650.750000
6845,2093546.250000,592108.437500,2685645.500000
6850,2093649.750000,591996.000000,2685642.000000
6855,2093752.125000,591895.125000,2685641.500000
6860,2093874.500000,591777.875000,2685637.250000
6865,2093972.875000,591675.187500,2685639.250000
6870,2094079.375000,591572.000000,2685636.500000
6875,2094187.000000,591462.250000,2685632.750000
6880,2094298.625000,591353.812500,2685651.500000
6885,2094398.625000,591251.437500,2685650.250000
6890,2094507.375000,591141.875000,2685653.500000
6895,2094615.500000,591037.500000,2685641.000000
6900,2094717.250000,590936.125000,2685641.750000
6905,2094811.500000,590837.500000,2685631.250000
6910,2094915.375000,590735.937500,2685636.750000
6915,2095010.500000,590631.312500,2685637.500000
6920,2095111.250000,590529.437500,2685656.000000
6925,2095210.875000,590428.375000,2685647.750000
6930,2095327.250000,590329.187500,2685659.250000
6935,2095421.625000,590229.750000,2685661.250000
6940,2095520.375000,590127.000000,2685657.750000
6945,2095629.125000,590019.562500,2685654.000000
6950,2095729.500000,589922.000000,2685651.250000
6955,2095822.250000,589822.312500,2685654.750000
6960,2095923.625000,589718.125000,2685647.500000
6965,2096031.000000,589621.125000,2685646.000000
6970,2096127.750000,589514.375000,2685648.750000
6975,2096222.875000,589426.312500,2685649.000000
6980,2096318.625000,589321.875000,2685637.500000
6985,2096428.625000,589219.062500,2685646.250000
6990,2096521.000000,589123.312500,2685646.500000
6995,2096612.000000,589028.437500,2685637.000000
7000,2096711.625000,588932.937500,2685645.250000
7005,2096808.750000,588835.562500,2685639.000000
7010,2096907.000000,588732.500000,2685648.500000
7015,2097001.125000,588638.937500,2685650.000000
7020,2097103.625000,588543.375000,2685637.500000
7025,2097200.250000,588439.062500,2685633.000000
7030,2097300.000000,588344.062500,2685634.500000
7035,2097400.250000,588246.375000,2685643.000000
7040,2097503.500000,588149.375000,2685643.250000
7045,2097593.750000,588054.562500,2685651.500000
7050,2097683.750000,587965.375000,2685649.000000
7055,2097764.000000,587876.875000,2685645.750000
7060,2097845.250000,587789.937500,2685652.250000
7065,2097943.000000,587702.687500,2685648.250000
7070,2098027.250000,587615.125000,2685648.000000
7075,2098129.250000,587519.125000,2685646.750000
7080,2098212.500000,587427.812500,2685633.750000
7085,2098297.250000,587344.437500,2685629.750000
7090,2098376.500000,587262.500000,2685637.750000
7095,2098459.500000,587182.625000,2685653.750000
7100,2098535.000000,587103.000000,2685648.000000
7105,2098628.000000,587024.687500,2685662.250000
7110,2098697.250000,586950.125000,2685663.250000
7115,2098778.500000,586870.562500,2685646.750000
7120,2098853.250000,586787.375000,2685639.750000
7125,2098934.250000,586706.750000,2685643.500000
7130,2099019.250000,586624.937500,2685635.250000
7135,2099100.500000,586544.125000,2685635.500000
7140,2099180.000000,586459.750000,2685635.500000
7145,2099264.000000,586385.312500,2685656.750000
7150,2099344.750000,586303.625000,2685656.750000
7155,2099406.500000,586230.687500,2685641.500000
7160,2099485.750000,586166.062500,2685651.250000
7165,2099551.500000,586097.187500,2685645.000000
7170,2099621.000000,586028.875000,2685645.750000
7175,2099690.750000,585957.437500,2685649.500000
7180,2099769.250000,585880.812500,2685649.000000
7185,2099846.750000,585807.562500,2685657.500000
7190,2099908.000000,585735.312500,2685659.500000
7195,2099988.750000,585657.125000,2685653.750000
7200,2100052.000000,585597.875000,2685659.500000
7205,2100122.000000,585527.312500,2685656.750000
7210,2100186.500000,585464.812500,2685649.000000
7215,2100244.500000,585398.687500,2685647.750000
7220,2100311.250000,585332.187500,2685643.750000
7225,2100381.000000,585275.000000,2685644.500000
7230,2100439.750000,585210.812500,2685642.000000
7235,2100505.500000,585151.062500,2685656.000000
7240,2100555.000000,585085.437500,2685660.250000
7245,2100613.500000,585025.125000,2685656.000000
7250,2100675.000000,584965.687500,2685660.000000
7255,2100741.250000,584910.312500,2685660.000000
7260,2100800.000000,584856.125000,2685647.250000
7265,2100851.500000,584797.875000,2685647.250000
7270,2100910.000000,584737.437500,2685652.000000
7275,2100966.750000,584681.875000,2685649.250000
7280,2101029.750000,584629.437500,2685646.500000
7285,2101076.750000,584572.625000,2685651.250000
7290,2101129.250000,584525.312500,2685636.250000
7295,2101183.250000,584467.687500,2685647.000000
7300,2101244.500000,584411.062500,2685640.500000
7305,2101294.750000,584358.375000,2685644.250000
7310,2101346.500000,584302.750000,2685649.500000
7315,2101402.750000,584247.250000,2685652.500000
7320,2101457.500000,584193.500000,2685646.750000
7325,2101502.250000,584143.687500,2685632.250000
7330,2101556.000000,584091.062500,2685635.500000
7335,2101603.000000,584044.000000,2685636.250000
7340,2101639.000000,584010.375000,2685640.250000
7345,2101672.500000,583972.625000,2685638.250000
7350,2101706.750000,583937.062500,2685655.750000
7355,2101750.250000,583901.000000,2685650.250000
7360,2101785.500000,583858.312500,2685649.500000
7365,2101816.250000,583830.687500,2685652.750000
7370,2101853.250000,583796.812500,2685646.250000
7375,2101880.000000,583764.562500,2685661.000000
7380,2101908.500000,583737.000000,2685663.500000
7385,2101942.750000,583703.750000,2685664.000000
7390,2101975.750000,583680.750000,2685647.250000
7395,2102000.750000,583646.937500,2685643.500000
7400,2102032.750000,583614.937500,2685646.000000
7405,2102061.000000,583589.187500,2685643.000000
7410,2102081.250000,583561.062500,2685652.000000
7415,2102107.000000,583543.250000,2685653.500000
7420,2102127.000000,583513.812500,2685652.000000
7425,2102163.250000,583479.937500,2685658.250000
7430,2102194.750000,583456.062500,2685653.500000
7435,2102215.000000,583433.750000,2685645.250000
7440,2102248.000000,583408.125000,2685641.250000
7445,2102268.250000,583387.437500,2685640.500000
7450,2102279.000000,583365.750000,2685633.500000
7455,2102296.250000,583346.500000,2685649.250000
7460,2102314.500000,583326.875000,2685647.500000
7465,2102339.250000,583300.562500,2685648.000000
7470,2102356.250000,583282.875000,2685634.750000
7475,2102372.500000,583267.375000,2685646.500000
7480,2102396.750000,583253.937500,2685655.250000
7485,2102418.000000,583230.062500,2685644.500000
7490,2102444.500000,583204.562500,2685635.250000
7495,2102461.500000,583185.437500,2685638.500000
7500,2102476.250000,583163.687500,2685644.000000
7505,2102489.500000,583150.125000,2685648.250000
7510,2102508.000000,583130.500000,2685639.250000
7515,2102528.750000,583105.437500,2685643.500000
7520,2102552.500000,583091.625000,2685642.250000
7525,2102579.250000,583069.625000,2685647.000000
7530,2102597.750000,583054.312500,2685642.000000
7535,2102602.500000,583037.437500,2685643.500000
7540,2102610.250000,583027.125000,2685644.750000
7545,2102621.750000,583016.062500,2685647.750000
7550,2102635.750000,583007.187500,2685640.250000
7555,2102653.000000,582990.000000,2685637.750000
7560,2102662.750000,582986.062500,2685640.000000
7565,2102678.250000,582973.937500,2685639.750000
7570,2102681.750000,582959.875000,2685643.000000
7575,2102689.750000,582953.750000,2685638.500000
7580,2102690.250000,582947.750000,2685640.500000
7585,2102690.000000,582944.250000,2685633.000000
7590,2102704.000000,582943.562500,2685641.250000
7595,2102705.500000,582941.062500,2685645.250000
7600,2102708.250000,582936.125000,2685646.750000
7605,2102710.500000,582937.375000,2685654.500000
7610,2102717.250000,582933.187500,2685646.250000
7615,2102712.500000,582934.875000,2685633.250000
7620,2102715.500000,582938.750000,2685638.500000
7625,2102705.250000,582944.875000,2685649.750000
7630,2102698.000000,582952.937500,2685643.250000
7635,2102683.000000,582955.750000,2685650.500000
7640,2102674.750000,582973.187500,2685639.500000
7645,2102664.250000,582986.000000,2685646.500000
7650,2102651.500000,582994.375000,2685654.000000
7655,2102651.250000,583006.437500,2685644.750000
7660,2102628.500000,583018.062500,2685650.750000
7665,2102618.250000,583022.500000,2685639.500000
7670,2102605.250000,583042.187500,2685639.500000
7675,2102583.750000,583053.750000,2685636.250000
7680,2102577.750000,583063.750000,2685639.750000
7685,2102553.500000,583088.187500,2685650.750000
7690,2102540.250000,583106.250000,2685641.250000
7695,2102515.000000,583122.687500,2685639.750000
7700,2102502.750000,583141.062500,2685646.500000
7705,2102493.500000,583158.187500,2685642.000000
7710,2102474.500000,583177.875000,2685644.250000
7715,2102446.750000,583200.437500,2685643.000000
7720,2102423.500000,583223.312500,2685649.000000
7725,2102408.250000,583244.500000,2685641.250000
7730,2102385.750000,583258.937500,2685657.000000
7735,2102364.000000,583282.125000,2685653.000000
7740,2102321.500000,583316.187500,2685645.000000
7745,2102301.500000,583338.375000,2685656.250000
7750,2102293.500000,583354.750000,2685656.750000
7755,2102268.250000,583375.375000,2685649.500000
7760,2102257.000000,583391.687500,2685649.250000
7765,2102229.500000,583417.062500,2685644.750000
7770,2102207.000000,583447.062500,2685645.000000
7775,2102172.250000,583470.687500,2685651.250000
7780,2102149.000000,583499.562500,2685650.500000
7785,2102115.000000,583532.500000,2685641.000000
7790,2102079.750000,583566.000000,2685649.250000
7795,2102060.750000,583596.812500,2685643.000000
7800,2102019.000000,583630.250000,2685645.500000
7805,2101988.000000,583660.812500,2685655.000000
7810,2101955.500000,583697.687500,2685652.000000
7815,2101914.250000,583738.312500,2685652.250000
7820,2101878.000000,583774.687500,2685649.500000
7825,2101840.750000,583814.625000,2685654.500000
7830,2101793.500000,583857.250000,2685662.250000
7835,2101750.000000,583895.437500,2685652.500000
7840,2101725.750000,583927.312500,2685651.000000
7845,2101689.250000,583966.312500,2685649.250000
7850,2101652.000000,584003.312500,2685662.250000
7855,2101600.500000,584050.812500,2685655.500000
7860,2101560.750000,584096.375000,2685648.500000
7865,2101520.500000,584130.250000,2685642.750000
7870,2101484.500000,584172.000000,2685655.500000
7875,2101433.500000,584210.125000,2685645.500000
7880,2101400.000000,584260.500000,2685654.250000
7885,2101348.750000,584312.312500,2685643.000000
7890,2101295.750000,584355.500000,2685643.250000
7895,2101250.000000,584403.062500,2685653.000000
7900,2101205.500000,584452.312500,2685643.000000
7905,2101157.250000,584498.625000,2685645.250000
7910,2101097.000000,584558.187500,2685655.500000
7915,2101043.750000,584613.937500,2685649.000000
7920,2100977.750000,584673.375000,2685652.000000
7925,2100927.500000,584725.562500,2685650.750000
7930,2100877.250000,584775.187500,2685647.250000
7935,2100816.000000,584839.562500,2685662.750000
7940,2100756.750000,584897.000000,2685666.500000
7945,2100699.000000,584957.812500,2685666.250000
7950,2100643.250000,585009.500000,2685667.000000
7955,2100588.250000,585066.437500,2685669.250000
7960,2100533.500000,585120.312500,2685664.000000
7965,2100481.500000,585177.250000,2685657.500000
7970,2100428.750000,585224.562500,2685659.000000
7975,2100366.250000,585278.375000,2685653.000000
7980,2100311.500000,585337.250000,2685643.000000
7985,2100261.500000,585392.625000,2685631.250000
7990,2100199.250000,585456.187500,2685658.500000
7995,2100135.000000,585514.750000,2685658.250000
8000,2100075.500000,585578.062500,2685663.500000
8005,2100011.750000,585642.375000,2685673.000000
8010,2099946.500000,585711.062500,2685670.250000
8015,2099879.000000,585778.187500,2685668.500000
8020,2099814.250000,585846.812500,2685667.500000
8025,2099742.750000,585911.687500,2685655.750000
8030,2099671.250000,585980.375000,2685649.000000
8035,2099602.500000,586055.500000,2685649.750000
8040,2099526.500000,586126.812500,2685658.000000
8045,2099455.750000,586202.062500,2685659.750000
8050,2099392.500000,586271.437500,2685659.250000
8055,2099314.250000,586343.125000,2685655.750000
8060,2099239.750000,586424.062500,2685644.000000
8065,2099157.250000,586502.187500,2685651.500000
8070,2099078.500000,586575.875000,2685654.000000
8075,2099012.250000,586646.750000,2685664.500000
8080,2098925.000000,586732.937500,2685660.250000
8085,2098842.250000,586820.000000,2685658.750000
8090,2098760.500000,586898.687500,2685660.000000
8095,2098683.500000,586980.375000,2685656.000000
8100,2098585.750000,587072.375000,2685656.250000
8105,2098500.000000,587157.937500,2685664.000000
8110,2098423.000000,587244.250000,2685655.750000
8115,2098333.500000,587329.562500,2685646.000000
8120,2098245.500000,587419.062500,2685657.500000
8125,2098167.250000,587509.187500,2685661.000000
8130,2098068.250000,587599.500000,2685655.000000
8135,2097963.750000,587689.437500,2685663.500000
8140,2097869.750000,587786.312500,2685653.750000
8145,2097781.750000,587877.812500,2685657.000000
8150,2097688.750000,587972.250000,2685673.500000
8155,2097601.250000,588064.312500,2685672.750000
8160,2097508.750000,588156.375000,2685679.750000
8165,2097410.500000,588249.687500,2685661.750000
8170,2097313.250000,588345.750000,2685658.750000
8175,2097216.250000,588440.937500,2685666.750000
8180,2097136.500000,588509.000000,2685651.750000
8185,2097030.750000,588614.562500,2685649.750000
8190,2096939.500000,588710.500000,2685654.500000
8195,2096850.625000,588809.375000,2685655.750000
8200,2096751.750000,588906.062500,2685649.500000
8205,2096651.625000,589006.812500,2685653.000000
8210,2096540.750000,589104.500000,2685651.000000
8215,2096446.625000,589201.625000,2685652.000000
8220,2096356.875000,589298.500000,2685654.000000
8225,2096248.875000,589399.625000,2685656.250000
8230,2096152.375000,589495.875000,2685657.750000
8235,2096063.000000,589594.500000,2685660.750000
8240,2095957.250000,589700.500000,2685653.500000
8245,2095840.625000,589801.875000,2685649.000000
8250,2095745.000000,589904.312500,2685641.500000
8255,2095638.625000,590007.625000,2685638.000000
8260,2095537.750000,590112.562500,2685634.250000
8265,2095439.875000,590224.000000,2685645.250000
8270,2095327.125000,590325.812500,2685652.250000
8275,2095214.750000,590440.437500,2685652.750000
8280,2095103.750000,590549.562500,2685653.500000
8285,2094994.750000,590660.687500,2685647.500000
8290,2094889.375000,590762.750000,2685659.500000
8295,2094766.625000,590886.375000,2685656.000000
8300,2094650.625000,591001.937500,2685651.750000
8305,2094536.375000,591112.937500,2685654.000000
8310,2094427.625000,591231.250000,2685650.500000
8315,2094300.625000,591348.062500,2685658.750000
8320,2094180.375000,591463.000000,2685653.750000
8325,2094064.625000,591581.750000,2685649.750000
8330,2093954.250000,591694.062500,2685641.500000
8335,2093835.875000,591813.937500,2685654.250000
8340,2093710.125000,591934.750000,2685637.250000
8345,2093595.375000,592056.562500,2685648.500000
8350,2093475.875000,592170.500000,2685649.250000
8355,2093354.750000,592286.875000,2685652.500000
8360,2093242.625000,592413.500000,2685659.000000
8365,2093109.625000,592537.000000,2685653.250000
8370,2092980.000000,592666.500000,2685647.250000
8375,2092861.625000,592787.250000,2685634.500000
8380,2092735.750000,592908.187500,2685644.750000
8385,2092608.000000,593050.187500,2685662.250000
8390,2092464.375000,593182.687500,2685650.500000
8395,2092345.375000,593315.250000,2685647.750000
8400,2092209.625000,593448.687500,2685649.750000
8405,2092070.250000,593583.500000,2685663.000000
8410,2091933.875000,593723.687500,2685666.250000
8415,2091794.625000,593866.875000,2685647.500000
8420,2091648.250000,594003.875000,2685645.000000
8425,2091520.250000,594140.750000,2685641.000000
8430,2091375.250000,594280.937500,2685645.750000
8435,2091228.625000,594423.875000,2685652.500000
8440,2091083.875000,594566.687500,2685638.000000
8445,2090944.875000,594708.125000,2685652.000000
8450,2090799.750000,594851.437500,2685653.500000
8455,2090661.000000,594993.500000,2685645.750000
8460,2090515.625000,595140.875000,2685649.250000
8465,2090362.875000,595290.937500,2685650.750000
8470,2090214.375000,595434.750000,2685651.250000
8475,2090061.125000,595587.062500,2685638.500000
8480,2089930.000000,595721.500000,2685653.500000
8485,2089792.875000,595856.750000,2685645.000000
8490,2089635.250000,596018.937500,2685640.750000
8495,2089481.750000,596171.250000,2685644.500000
8500,2089339.000000,596321.375000,2685658.000000
8505,2089187.250000,596464.500000,2685639.250000
8510,2089037.875000,596605.250000,2685655.750000
8515,2088898.625000,596751.062500,2685656.000000
8520,2088759.000000,596897.375000,2685663.750000
8525,2088611.500000,597042.750000,2685657.750000
8530,2088464.625000,597185.375000,2685653.250000
8535,2088326.375000,597332.562500,2685662.750000
8540,2088184.500000,597466.000000,2685658.750000
8545,2088029.000000,597616.500000,2685651.000000
8550,2087898.625000,597763.125000,2685645.000000
8555,2087737.000000,597906.187500,2685639.500000
8560,2087601.250000,598052.500000,2685639.250000
8565,2087451.250000,598201.812500,2685641.750000
8570,2087296.250000,598343.250000,2685645.250000
8575,2087162.125000,598495.500000,2685648.750000
8580,2087013.500000,598639.000000,2685647.750000
8585,2086861.625000,598786.312500,2685651.000000
8590,2086713.750000,598936.562500,2685653.500000
8595,2086571.625000,599078.125000,2685659.750000
8600,2086416.750000,599225.625000,2685670.250000
8605,2086278.125000,599367.500000,2685663.750000
8610,2086140.125000,599506.125000,2685656.000000
8615,2086004.125000,599643.250000,2685662.750000
8620,2085859.125000,599794.187500,2685666.000000
8625,2085721.750000,599938.500000,2685667.500000
8630,2085571.875000,600080.750000,2685654.500000
8635,2085429.000000,600225.062500,2685658.250000
8640,2085273.250000,600380.500000,2685644.750000
8645,2085118.250000,600526.187500,2685649.000000
8650,2084972.875000,600677.812500,2685656.500000
8655,2084824.750000,600826.125000,2685648.000000
8660,2084678.750000,600979.125000,2685655.750000
8665,2084529.250000,601126.312500,2685652.750000
8670,2084377.125000,601280.937500,2685647.000000
8675,2084212.000000,601442.062500,2685652.000000
8680,2084052.625000,601602.062500,2685659.500000
8685,2083897.375000,601748.312500,2685656.750000
8690,2083751.750000,601906.687500,2685662.000000
8695,2083594.250000,602056.937500,2685660.500000
8700,2083445.125000,602204.812500,2685661.250000
8705,2083304.500000,602350.062500,2685655.750000
8710,2083145.500000,602497.812500,2685657.000000
8715,2083003.000000,602649.437500,2685663.250000
8720,2082851.000000,602798.500000,2685659.000000
8725,2082696.000000,602946.250000,2685652.250000
8730,2082547.625000,603098.875000,2685658.500000
8735,2082397.875000,603252.125000,2685649.750000
8740,2082231.875000,603419.125000,2685642.000000
8745,2082072.500000,603576.312500,2685642.250000
8750,2081918.750000,603734.250000,2685649.750000
8755,2081769.875000,603885.500000,2685639.000000
8760,2081623.500000,604021.562500,2685655.750000
8765,2081470.750000,604180.812500,2685650.000000
8770,2081335.750000,604325.687500,2685653.250000
8775,2081176.000000,604481.687500,2685642.750000
8780,2081015.750000,604634.437500,2685649.000000
8785,2080859.625000,604791.562500,2685645.500000
8790,2080705.000000,604944.125000,2685646.500000
8795,2080552.000000,605099.062500,2685656.250000
8800,2080405.625000,605255.500000,2685658.000000
8805,2080245.875000,605405.250000,2685662.000000
8810,2080099.500000,605557.062500,2685657.000000
8815,2079949.125000,605706.562500,2685643.500000
8820,2079792.500000,605856.062500,2685652.500000
8825,2079646.875000,606003.562500,2685650.500000
8830,2079499.875000,606150.062500,2685653.250000
8835,2079358.125000,606292.375000,2685652.250000
8840,2079215.875000,606433.937500,2685663.750000
8845,2079078.625000,606581.187500,2685655.000000
8850,2078934.375000,606725.375000,2685651.500000
8855,2078793.875000,606864.875000,2685647.000000
8860,2078646.000000,607006.937500,2685650.500000
8865,2078498.625000,607149.625000,2685671.500000
8870,2078367.000000,607290.937500,2685661.500000
8875,2078223.375000,607427.437500,2685653.500000
8880,2078089.125000,607565.187500,2685652.250000
8885,2077956.750000,607697.750000,2685645.750000
8890,2077818.375000,607840.875000,2685647.250000
8895,2077682.500000,607981.375000,2685662.750000
8900,2077533.625000,608122.062500,2685655.500000
8905,2077394.500000,608265.625000,2685655.500000
8910,2077253.875000,608407.562500,2685658.750000
8915,2077105.875000,608542.687500,2685655.000000
8920,2076979.375000,608678.000000,2685649.500000
8925,2076846.750000,608809.750000,2685665.000000
8930,2076704.000000,608956.187500,2685664.000000
8935,2076571.625000,609093.375000,2685656.250000
8940,2076429.500000,609223.562500,2685648.500000
8945,2076301.750000,609350.750000,2685649.250000
8950,2076170.000000,609489.812500,2685652.500000
8955,2076037.000000,609624.562500,2685653.250000
8960,2075894.500000,609758.625000,2685654.500000
8965,2075762.500000,609886.125000,2685647.500000
8970,2075640.125000,610020.437500,2685648.250000
8975,2075496.125000,610156.187500,2685652.500000
8980,2075348.750000,610300.687500,2685660.500000
8985,2075216.250000,610437.500000,2685654.750000
8990,2075074.125000,610581.750000,2685645.000000
8995,2074941.250000,610717.562500,2685662.500000
9000,2074798.500000,610857.562500,2685663.250000
9005,2074659.250000,610996.500000,2685651.000000
9010,2074522.000000,611131.937500,2685654.500000
9015,2074390.750000,611262.000000,2685661.500000
9020,2074261.750000,611389.062500,2685646.250000
9025,2074138.000000,611517.125000,2685652.500000
9030,2074007.750000,611644.500000,2685652.750000
9035,2073869.250000,611782.062500,2685647.000000
9040,2073742.750000,611910.312500,2685640.250000
9045,2073604.375000,612041.687500,2685647.750000
9050,2073479.750000,612168.625000,2685648.250000
9055,2073352.125000,612296.312500,2685637.500000
9060,2073223.000000,612430.500000,2685655.250000
9065,2073099.000000,612553.312500,2685651.250000
9070,2072977.375000,612681.437500,2685653.250000
9075,2072842.750000,612811.125000,2685658.250000
9080,2072708.250000,612944.500000,2685656.000000
9085,2072584.875000,613072.562500,2685670.250000
9090,2072457.500000,613197.250000,2685654.000000
9095,2072326.125000,613326.375000,2685655.000000
9100,2072198.125000,613452.687500,2685651.500000
9105,2072075.500000,613577.750000,2685661.000000
9110,2071957.000000,613694.500000,2685669.750000
9115,2071835.500000,613809.625000,2685652.250000
9120,2071726.875000,613931.312500,2685657.500000
9125,2071607.500000,614055.125000,2685647.750000
9130,2071497.000000,614167.437500,2685653.000000
9135,2071367.875000,614290.250000,2685659.500000
9140,2071240.375000,614414.812500,2685647.500000
9145,2071122.500000,614539.625000,2685650.000000
9150,2071012.000000,614658.000000,2685650.500000
9155,2070878.000000,614779.750000,2685643.500000
9160,2070751.875000,614904.625000,2685651.500000
9165,2070636.125000,615020.562500,2685652.000000
9170,2070529.625000,615126.625000,2685663.750000
9175,2070416.375000,615249.937500,2685644.000000
9180,2070290.250000,615368.562500,2685646.250000
9185,2070165.000000,615494.500000,2685642.500000
9190,2070041.000000,615617.750000,2685658.500000
9195,2069922.375000,615735.187500,2685656.500000
9200,2069807.125000,615847.312500,2685659.000000
9205,2069685.750000,615968.687500,2685663.500000
9210,2069556.625000,616090.812500,2685667.500000
9215,2069446.500000,616213.375000,2685668.250000
9220,2069333.375000,616328.750000,2685654.250000
9225,2069214.750000,616446.000000,2685658.750000
9230,2069104.000000,616556.750000,2685648.000000
9235,2068994.500000,616663.500000,2685650.000000
9240,2068871.250000,616777.062500,2685664.500000
9245,2068769.625000,616889.750000,2685667.500000
9250,2068650.875000,617010.125000,2685662.750000
9255,2068528.000000,617123.687500,2685663.250000
9260,2068418.500000,617240.187500,2685666.500000
9265,2068312.125000,617347.875000,2685664.500000
9270,2068186.375000,617470.187500,2685664.250000
9275,2068072.250000,617578.437500,2685661.250000
9280,2067962.250000,617693.562500,2685656.750000
9285,2067851.000000,617803.312500,2685661.000000
9290,2067743.375000,617916.625000,2685651.250000
9295,2067625.250000,618029.625000,2685661.000000
9300,2067513.125000,618145.687500,2685663.250000
9305,2067406.125000,618259.437500,2685657.750000
9310,2067280.000000,618369.125000,2685659.500000
9315,2067174.000000,618482.812500,2685663.000000
9320,2067062.000000,618596.937500,2685656.500000
9325,2066956.250000,618708.062500,2685655.500000
9330,2066844.000000,618817.562500,2685652.000000
9335,2066730.875000,618927.125000,2685657.750000
9340,2066624.000000,619044.187500,2685644.500000
9345,2066503.250000,619158.000000,2685646.250000
9350,2066398.375000,619264.750000,2685650.250000
9355,2066288.250000,619375.500000,2685647.750000
9360,2066171.500000,619484.187500,2685656.000000
9365,2066066.625000,619591.437500,2685656.000000
9370,2065948.250000,619704.562500,2685649.250000
9375,2065840.250000,619819.187500,2685652.000000
9380,2065724.250000,619931.250000,2685643.250000
9385,2065620.250000,620047.187500,2685644.750000
9390,2065502.250000,620157.812500,2685629.500000
9395,2065390.750000,620270.750000,2685639.250000
9400,2065272.000000,620380.187500,2685646.750000
9405,2065170.375000,620484.125000,2685653.500000
9410,2065070.875000,620588.437500,2685654.250000
9415,2064957.625000,620695.437500,2685645.250000
9420,2064850.250000,620806.750000,2685649.250000
9425,2064739.000000,620926.187500,2685649.500000
9430,2064613.500000,621037.562500,2685650.000000
9435,2064492.125000,621162.000000,2685657.000000
9440,2064370.125000,621280.625000,2685656.250000
9445,2064257.125000,621400.000000,2685656.250000
9450,2064138.375000,621509.062500,2685647.750000
9455,2064031.000000,621626.875000,2685661.000000
9460,2063923.875000,621733.187500,2685653.250000
9465,2063813.750000,621841.875000,2685659.000000
9470,2063703.375000,621947.250000,2685647.250000
9475,2063604.500000,622055.750000,2685661.250000
9480,2063495.000000,622164.125000,2685667.250000
9485,2063390.875000,622262.500000,2685664.250000
9490,2063280.625000,622370.875000,2685665.000000
9495,2063166.625000,622478.750000,2685652.250000
9500,2063049.250000,622598.437500,2685642.750000
9505,2062934.875000,622708.187500,2685647.000000
9510,2062832.250000,622819.250000,2685657.750000
9515,2062723.875000,622924.937500,2685647.000000
9520,2062616.625000,623030.000000,2685648.750000
9525,2062513.500000,623139.187500,2685657.250000
9530,2062403.125000,623248.750000,2685658.500000
9535,2062284.750000,623359.250000,2685657.000000
9540,2062177.000000,623464.937500,2685650.750000
9545,2062059.375000,623576.062500,2685658.250000
9550,2061964.500000,623686.187500,2685656.000000
9555,2061850.375000,623791.750000,2685663.000000
9560,2061741.250000,623900.250000,2685652.000000
9565,2061646.000000,624009.500000,2685659.250000
9570,2061529.750000,624123.375000,2685651.500000
9575,2061416.250000,624233.375000,2685631.750000
9580,2061309.875000,624341.812500,2685633.750000
9585,2061190.750000,624450.375000,2685627.750000
9590,2061083.750000,624558.250000,2685633.750000
9595,2060991.625000,624658.687500,2685639.000000
9600,2060889.000000,624762.625000,2685636.250000
9605,2060796.125000,624860.750000,2685646.000000
9610,2060684.625000,624959.937500,2685639.750000
9615,2060599.375000,625046.437500,2685639.250000
9620,2060483.750000,625158.625000,2685639.000000
9625,2060387.500000,625263.500000,2685650.750000
9630,2060279.125000,625366.125000,2685640.500000
9635,2060178.375000,625468.312500,2685642.000000
9640,2060071.750000,625575.062500,2685644.000000
9645,2059973.250000,625670.250000,2685647.250000
9650,2059869.375000,625769.250000,2685655.750000
9655,2059769.125000,625875.437500,2685648.000000
9660,2059671.500000,625976.875000,2685650.750000
9665,2059574.000000,626071.875000,2685636.750000
9670,2059480.375000,626166.312500,2685639.500000
9675,2059398.250000,626257.500000,2685649.000000
9680,2059289.000000,626360.312500,2685650.250000
9685,2059194.125000,626455.562500,2685656.500000
9690,2059104.500000,626540.937500,2685657.250000
9695,2059009.625000,626636.125000,2685649.000000
9700,2058916.375000,626727.875000,2685640.000000
9705,2058828.375000,626817.562500,2685651.750000
9710,2058735.500000,626914.125000,2685646.500000
9715,2058631.375000,627000.875000,2685643.750000
9720,2058543.125000,627094.625000,2685645.750000
9725,2058460.250000,627183.500000,2685630.000000
9730,2058372.000000,627270.500000,2685653.250000
9735,2058287.000000,627360.437500,2685655.000000
9740,2058193.875000,627449.375000,2685654.000000
9745,2058100.750000,627547.750000,2685655.750000
9750,2058008.375000,627634.437500,2685642.250000
9755,2057918.250000,627727.875000,2685645.000000
9760,2057822.250000,627821.375000,2685651.750000
9765,2057729.250000,627913.562500,2685642.250000
9770,2057643.500000,628006.437500,2685644.250000
9775,2057543.250000,628105.375000,2685640.500000
9780,2057450.500000,628195.875000,2685651.000000
9785,2057368.250000,628280.875000,2685658.000000
9790,2057278.375000,628370.625000,2685664.250000
9795,2057196.125000,628455.437500,2685662.750000
9800,2057108.375000,628543.687500,2685648.000000
9805,2057011.750000,628631.937500,2685639.750000
9810,2056918.625000,628722.500000,2685650.500000
9815,2056829.750000,628813.312500,2685655.000000
9820,2056744.875000,628909.062500,2685648.500000
9825,2056644.875000,628998.812500,2685635.250000
9830,2056560.625000,629093.125000,2685642.750000
9835,2056474.125000,629172.125000,2685645.000000
9840,2056389.375000,629259.187500,2685644.750000
9845,2056310.875000,629335.750000,2685642.000000
9850,2056224.750000,629422.437500,2685639.250000
9855,2056141.500000,629503.625000,2685627.500000
9860,2056060.625000,629588.812500,2685644.000000
9865,2055980.000000,629665.625000,2685639.750000
9870,2055894.125000,629750.187500,2685644.250000
9875,2055822.000000,629824.125000,2685636.000000
9880,2055744.500000,629900.562500,2685646.250000
9885,2055665.250000,629980.812500,2685643.000000
9890,2055586.375000,630061.750000,2685650.750000
9895,2055497.500000,630144.312500,2685652.500000
9900,2055417.250000,630229.562500,2685648.500000
9905,2055340.250000,630303.187500,2685648.000000
9910,2055254.625000,630388.625000,2685631.000000
9915,2055166.250000,630473.562500,2685649.500000
9920,2055078.500000,630553.750000,2685644.750000
9925,2055011.625000,630637.125000,2685640.500000
9930,2054934.875000,630717.812500,2685638.750000
9935,2054845.875000,630798.250000,2685638.250000
9940,2054759.875000,630882.937500,2685636.500000
9945,2054681.750000,630959.312500,2685636.500000
9950,2054616.000000,631030.750000,2685646.750000
9955,2054534.750000,631113.375000,2685657.000000
9960,2054458.000000,631192.500000,2685654.250000
9965,2054392.000000,631260.812500,2685644.000000
9970,2054311.250000,631333.687500,2685644.000000
9975,2054249.000000,631403.125000,2685641.500000
9980,2054180.875000,631468.187500,2685634.250000
9985,2054099.875000,631539.437500,2685648.500000
9990,2054030.000000,631607.437500,2685637.250000
9995,2053974.000000,631673.187500,2685642.250000
