P,V,T
531.128845214844,16384,499.6982421875
531.128845214844,16384,499.6982421875
531.128845214844,16384,499.6982421875
531.12890625,16384,499.6982421875
531.12890625,16384,499.6982421875
531.12890625,16384,499.6982421875
531.12890625,16384,499.6982421875
531.12890625,16384,499.6982421875
531.12890625,16384,499.6982421875
531.128845214844,16384,499.6982421875
531.128845214844,16384,499.6982421875
531.128845214844,16384,499.6982421875
531.12890625,16384,499.6982421875
531.12890625,16384,499.6982421875
531.12890625,16384,499.6982421875
531.12890625,16384,499.6982421875
531.12890625,16384,499.6982421875
531.12890625,16384,499.6982421875
531.12890625,16384,499.6982421875
531.12890625,16384,499.6982421875
531.128845214844,16384,499.6982421875
531.128845214844,16384,499.6982421875
531.128845214844,16384,499.6982421875
531.12890625,16384,499.698272705078
531.12890625,16384,499.698272705078
531.12890625,16384,499.698272705078
531.12890625,16384,499.698272705078
531.12890625,16384,499.698272705078
531.12890625,16384,499.698272705078
531.12890625,16384,499.698272705078
531.12890625,16384,499.698272705078
531.12890625,16384,499.698272705078
531.12890625,16384,499.698272705078
531.12890625,16384,499.698272705078
531.12890625,16384,499.698272705078
531.12890625,16384,499.698272705078
531.12890625,16384,499.698272705078
531.12890625,16384,499.698272705078
531.128967285156,16384,499.698272705078
531.128967285156,16384,499.698272705078
531.128967285156,16384,499.698272705078
531.128967285156,16384,499.698272705078
531.128967285156,16384,499.698272705078
531.128967285156,16384,499.698272705078
531.128967285156,16384,499.698272705078
531.128967285156,16384,499.698272705078
531.128967285156,16384,499.698272705078
531.128967285156,16384,499.698272705078
531.128967285156,16384,499.698272705078
531.12890625,16384,499.698272705078
531.12890625,16384,499.698272705078
531.12890625,16384,499.698272705078
531.12890625,16384,499.698272705078
531.12890625,16384,499.698272705078
531.128967285156,16384,499.698272705078
531.128967285156,16384,499.698272705078
531.128967285156,16384,499.698272705078
531.128967285156,16384,499.698272705078
531.128967285156,16384,499.698272705078
531.128967285156,16384,499.698272705078
531.128967285156,16384,499.698272705078
531.128967285156,16384,499.698272705078
531.128967285156,16384,499.698272705078
531.128967285156,16384,499.698272705078
531.128967285156,16384,499.698272705078
531.128967285156,16384,499.698272705078
531.128967285156,16384,499.698272705078
531.128967285156,16384,499.698272705078
531.128967285156,16384,499.698272705078
531.128967285156,16384,499.698272705078
531.128967285156,16384,499.698272705078
531.128967285156,16384,499.698272705078
531.128967285156,16384,499.698272705078
531.128967285156,16384,499.698272705078
531.128967285156,16384,499.698272705078
531.128967285156,16384,499.698272705078
531.128967285156,16384,499.698272705078
531.128967285156,16384,499.698272705078
531.128967285156,16384,499.698272705078
531.128967285156,16384,499.698272705078
531.128967285156,16384,499.698272705078
531.128967285156,16384,499.698272705078
531.128967285156,16384,499.698272705078
531.128967285156,16384,499.698272705078
531.128967285156,16384,499.698272705078
531.128967285156,16384,499.698272705078
531.128967285156,16384,499.698272705078
531.128967285156,16384,499.698272705078
531.128967285156,16384,499.698272705078
531.128967285156,16384,499.698272705078
531.128967285156,16384,499.698272705078
531.128967285156,16384,499.698272705078
531.12890625,16384,499.698272705078
531.128967285156,16384,499.698272705078
531.12890625,16384,499.698272705078
531.128967285156,16384,499.698272705078
531.12890625,16384,499.698272705078
531.12890625,16384,499.698272705078
531.12890625,16384,499.698272705078
531.128967285156,16384,499.698272705078
531.128967285156,16384,499.698272705078
531.128967285156,16384,499.698272705078
531.128967285156,16384,499.698272705078
531.128967285156,16384,499.698272705078
531.128967285156,16384,499.698272705078
531.128967285156,16384,499.698272705078
531.128967285156,16384,499.698272705078
531.128967285156,16384,499.698272705078
531.128967285156,16384,499.698272705078
531.128967285156,16384,499.698272705078
531.128967285156,16384,499.698272705078
531.128967285156,16384,499.698272705078
531.128967285156,16384,499.698272705078
531.128967285156,16384,499.698272705078
531.128967285156,16384,499.698272705078
531.128967285156,16384,499.698272705078
531.128967285156,16384,499.698272705078
531.128967285156,16384,499.698272705078
531.128967285156,16384,499.698272705078
531.128967285156,16384,499.698272705078
531.128967285156,16384,499.698272705078
531.128967285156,16384,499.698272705078
531.128967285156,16384,499.698272705078
531.128967285156,16384,499.698272705078
531.128967285156,16384,499.698272705078
531.128967285156,16384,499.698272705078
531.128967285156,16384,499.698272705078
531.128967285156,16384,499.698272705078
531.128967285156,16384,499.698272705078
531.128967285156,16384,499.698272705078
531.128967285156,16384,499.698272705078
531.128967285156,16384,499.698272705078
531.128967285156,16384,499.698272705078
531.128967285156,16384,499.698272705078
531.128967285156,16384,499.698272705078
531.128967285156,16384,499.698272705078
531.128967285156,16384,499.698272705078
531.128967285156,16384,499.698272705078
531.128967285156,16384,499.698272705078
531.128967285156,16384,499.698272705078
531.128967285156,16384,499.698272705078
531.128967285156,16384,499.698272705078
531.129028320312,16384,499.698272705078
531.129028320312,16384,499.698272705078
531.129028320312,16384,499.698272705078
531.129028320312,16384,499.698272705078
531.129028320312,16384,499.698272705078
531.128967285156,16384,499.698272705078
531.129028320312,16384,499.698272705078
531.128967285156,16384,499.698272705078
531.129028320312,16384,499.698272705078
531.129028320312,16384,499.698272705078
531.128967285156,16384,499.698272705078
531.128967285156,16384,499.698272705078
531.128967285156,16384,499.698272705078
531.129028320312,16384,499.698272705078
531.129028320312,16384,499.698272705078
531.129028320312,16384,499.698272705078
531.129028320312,16384,499.698272705078
531.129028320312,16384,499.698272705078
531.129028320312,16384,499.698272705078
531.129028320312,16384,499.698272705078
531.129028320312,16384,499.698272705078
531.129028320312,16384,499.698272705078
531.129028320312,16384,499.698272705078
531.129028320312,16384,499.698272705078
531.129028320312,16384,499.698272705078
531.129028320312,16384,499.698272705078
531.129028320312,16384,499.698272705078
531.129028320312,16384,499.698272705078
531.129028320312,16384,499.698272705078
531.129028320312,16384,499.698272705078
531.129028320312,16384,499.698272705078
531.129028320312,16384,499.698272705078
531.129028320312,16384,499.698272705078
531.129028320312,16384,499.698272705078
531.129028320312,16384,499.698272705078
531.129028320312,16384,499.698272705078
531.129028320312,16384,499.698272705078
531.129028320312,16384,499.698272705078
531.129028320312,16384,499.698272705078
531.129028320312,16384,499.698272705078
531.129089355469,16384,499.698333740234
531.129089355469,16384,499.698333740234
531.129089355469,16384,499.698333740234
531.129089355469,16384,499.698333740234
531.129089355469,16384,499.698333740234
531.129089355469,16384,499.698333740234
531.129089355469,16384,499.698333740234
531.129089355469,16384,499.698333740234
531.129089355469,16384,499.698333740234
531.129089355469,16384,499.698333740234
531.129089355469,16384,499.698333740234
531.129089355469,16384,499.698333740234
531.129150390625,16384,499.698333740234
531.129150390625,16384,499.698333740234
531.129150390625,16384,499.698333740234
531.129150390625,16384,499.698333740234
531.129150390625,16384,499.698333740234
531.129150390625,16384,499.698333740234
531.129150390625,16384,499.698333740234
531.129211425781,16384,499.698333740234
531.129211425781,16384,499.698333740234
531.129211425781,16384,499.698333740234
531.129211425781,16384,499.698333740234
531.129211425781,16384,499.698333740234
531.129150390625,16384,499.698333740234
531.129150390625,16384,499.698333740234
531.129211425781,16384,499.698364257812
531.129211425781,16384,499.698364257812
531.129211425781,16384,499.698364257812
531.129211425781,16384,499.698364257812
531.129150390625,16384,499.698364257812
531.129150390625,16384,499.698364257812
531.129150390625,16384,499.698364257812
531.129150390625,16384,499.698364257812
531.129150390625,16384,499.698364257812
531.129150390625,16384,499.698364257812
531.129150390625,16384,499.698364257812
531.129150390625,16384,499.698364257812
531.129150390625,16384,499.698364257812
531.129150390625,16384,499.698364257812
531.129150390625,16384,499.698364257812
531.129150390625,16384,499.698364257812
531.129150390625,16384,499.698364257812
531.129150390625,16384,499.698364257812
531.129150390625,16384,499.698364257812
531.129150390625,16384,499.698364257812
531.129150390625,16384,499.698364257812
531.129150390625,16384,499.698364257812
531.129150390625,16384,499.698364257812
531.129150390625,16384,499.698364257812
531.129150390625,16384,499.698364257812
531.129150390625,16384,499.698364257812
531.129150390625,16384,499.698364257812
531.129150390625,16384,499.698364257812
531.129150390625,16384,499.698364257812
531.129150390625,16384,499.698364257812
531.129150390625,16384,499.698364257812
531.129150390625,16384,499.698364257812
531.129150390625,16384,499.698364257812
531.129150390625,16384,499.698364257812
531.129211425781,16384,499.698364257812
531.129150390625,16384,499.698364257812
531.129150390625,16384,499.698364257812
531.129211425781,16384,499.698364257812
531.129211425781,16384,499.698364257812
531.129211425781,16384,499.698364257812
531.129211425781,16384,499.698364257812
531.129211425781,16384,499.698364257812
531.129211425781,16384,499.698364257812
531.129211425781,16384,499.698364257812
531.129150390625,16384,499.698364257812
531.129150390625,16384,499.698364257812
531.129150390625,16384,499.698364257812
531.129150390625,16384,499.698364257812
531.129211425781,16384,499.698364257812
531.129211425781,16384,499.698364257812
531.129211425781,16384,499.698364257812
531.129211425781,16384,499.698364257812
531.129211425781,16384,499.698364257812
531.129211425781,16384,499.698364257812
531.129211425781,16384,499.698364257812
531.129211425781,16384,499.698364257812
531.129211425781,16384,499.698364257812
531.129211425781,16384,499.698364257812
531.129211425781,16384,499.698364257812
531.129211425781,16384,499.698364257812
531.129211425781,16384,499.698364257812
531.129272460938,16384,499.698364257812
531.129272460938,16384,499.698364257812
531.129272460938,16384,499.698364257812
531.129272460938,16384,499.698364257812
531.129272460938,16384,499.698364257812
531.129272460938,16384,499.698364257812
531.129272460938,16384,499.698364257812
531.129272460938,16384,499.698364257812
531.129272460938,16384,499.698364257812
531.129272460938,16384,499.698364257812
531.129333496094,16384,499.698364257812
531.129333496094,16384,499.698364257812
531.129333496094,16384,499.698364257812
531.129272460938,16384,499.698364257812
531.129272460938,16384,499.698364257812
531.129272460938,16384,499.698364257812
531.129272460938,16384,499.698364257812
531.129272460938,16384,499.698364257812
531.129333496094,16384,499.698364257812
531.129333496094,16384,499.698364257812
531.129333496094,16384,499.698364257812
531.129333496094,16384,499.698364257812
531.129333496094,16384,499.698364257812
531.129333496094,16384,499.698364257812
531.129333496094,16384,499.698364257812
531.129333496094,16384,499.698364257812
531.129333496094,16384,499.698364257812
531.129333496094,16384,499.698364257812
531.129333496094,16384,499.698364257812
531.129333496094,16384,499.698364257812
531.129333496094,16384,499.698364257812
531.129333496094,16384,499.698364257812
531.129333496094,16384,499.698364257812
531.129333496094,16384,499.698364257812
531.129333496094,16384,499.698364257812
531.129333496094,16384,499.698364257812
531.129333496094,16384,499.698364257812
531.129272460938,16384,499.698364257812
531.129272460938,16384,499.698364257812
531.129272460938,16384,499.698364257812
531.129333496094,16384,499.698364257812
531.129333496094,16384,499.698364257812
531.129333496094,16384,499.698364257812
531.129333496094,16384,499.698364257812
531.129333496094,16384,499.698364257812
531.129333496094,16384,499.698364257812
531.129333496094,16384,499.698364257812
531.129333496094,16384,499.698364257812
531.129333496094,16384,499.698364257812
531.129333496094,16384,499.698364257812
531.129333496094,16384,499.698364257812
531.129333496094,16384,499.698364257812
531.129333496094,16384,499.698364257812
531.129333496094,16384,499.698364257812
531.129333496094,16384,499.698364257812
531.129333496094,16384,499.698364257812
531.129333496094,16384,499.698364257812
531.129333496094,16384,499.698364257812
531.129333496094,16384,499.698364257812
531.129333496094,16384,499.698364257812
531.129333496094,16384,499.698364257812
531.129333496094,16384,499.698364257812
531.129333496094,16384,499.698364257812
531.129333496094,16384,499.698364257812
531.129333496094,16384,499.698364257812
531.129333496094,16384,499.698364257812
531.129333496094,16384,499.698364257812
531.129333496094,16384,499.698364257812
531.129333496094,16384,499.698364257812
531.12939453125,16384,499.698364257812
531.12939453125,16384,499.698364257812
531.12939453125,16384,499.698364257812
531.12939453125,16384,499.698364257812
531.12939453125,16384,499.698364257812
531.12939453125,16384,499.698364257812
531.12939453125,16384,499.698364257812
531.12939453125,16384,499.698364257812
531.12939453125,16384,499.698364257812
531.12939453125,16384,499.698364257812
531.12939453125,16384,499.698364257812
531.12939453125,16384,499.698364257812
531.12939453125,16384,499.698364257812
531.12939453125,16384,499.698364257812
531.12939453125,16384,499.698364257812
531.12939453125,16384,499.698364257812
531.12939453125,16384,499.698364257812
531.12939453125,16384,499.698364257812
531.12939453125,16384,499.698364257812
531.12939453125,16384,499.698364257812
531.12939453125,16384,499.698364257812
531.12939453125,16384,499.698364257812
531.12939453125,16384,499.698364257812
531.12939453125,16384,499.698364257812
531.12939453125,16384,499.698364257812
531.129455566406,16384,499.698364257812
531.12939453125,16384,499.698364257812
531.12939453125,16384,499.698364257812
531.12939453125,16384,499.698364257812
531.12939453125,16384,499.698364257812
531.12939453125,16384,499.698364257812
531.12939453125,16384,499.698364257812
531.12939453125,16384,499.698364257812
531.12939453125,16384,499.698364257812
531.12939453125,16384,499.698364257812
531.12939453125,16384,499.698364257812
531.12939453125,16384,499.698364257812
531.12939453125,16384,499.698364257812
531.12939453125,16384,499.698364257812
531.12939453125,16384,499.698364257812
531.12939453125,16384,499.698364257812
531.12939453125,16384,499.698364257812
531.12939453125,16384,499.698364257812
531.12939453125,16384,499.698364257812
531.12939453125,16384,499.698364257812
531.12939453125,16384,499.698364257812
531.12939453125,16384,499.698364257812
531.129455566406,16384,499.698364257812
531.129455566406,16384,499.698364257812
531.129455566406,16384,499.698364257812
531.129455566406,16384,499.698364257812
531.129455566406,16384,499.698364257812
531.129455566406,16384,499.698364257812
531.129455566406,16384,499.698364257812
531.129455566406,16384,499.698364257812
531.129455566406,16384,499.698364257812
531.129455566406,16384,499.698364257812
531.129455566406,16384,499.698364257812
531.129455566406,16384,499.698364257812
531.129455566406,16384,499.698364257812
531.129455566406,16384,499.698364257812
531.129455566406,16384,499.698364257812
531.129455566406,16384,499.698364257812
531.129455566406,16384,499.698364257812
531.129455566406,16384,499.698364257812
531.129455566406,16384,499.698364257812
531.129455566406,16384,499.698364257812
531.129455566406,16384,499.698364257812
531.129516601562,16384,499.698364257812
531.129516601562,16384,499.698364257812
531.129516601562,16384,499.698364257812
531.129516601562,16384,499.698364257812
531.129516601562,16384,499.698364257812
531.129516601562,16384,499.698364257812
531.129455566406,16384,499.698364257812
531.129516601562,16384,499.698364257812
531.129455566406,16384,499.698364257812
531.129455566406,16384,499.698364257812
531.129455566406,16384,499.698364257812
531.129455566406,16384,499.698364257812
531.129455566406,16384,499.698364257812
531.129455566406,16384,499.698364257812
531.129516601562,16384,499.698364257812
531.129516601562,16384,499.698364257812
531.129516601562,16384,499.698364257812
531.129516601562,16384,499.698364257812
531.129516601562,16384,499.698364257812
531.129516601562,16384,499.698364257812
531.129516601562,16384,499.698364257812
531.129516601562,16384,499.698364257812
531.129516601562,16384,499.698364257812
531.129577636719,16384,499.698364257812
531.129577636719,16384,499.698364257812
531.129577636719,16384,499.698364257812
531.129577636719,16384,499.698364257812
531.129577636719,16384,499.698364257812
531.129577636719,16384,499.698364257812
531.129577636719,16384,499.698364257812
531.129577636719,16384,499.698364257812
531.129577636719,16384,499.698364257812
531.129577636719,16384,499.698364257812
531.129577636719,16384,499.698364257812
531.129577636719,16384,499.698364257812
531.129577636719,16384,499.698364257812
531.129577636719,16384,499.698364257812
531.129577636719,16384,499.698364257812
531.129577636719,16384,499.698364257812
531.129577636719,16384,499.698364257812
531.129577636719,16384,499.698364257812
531.129577636719,16384,499.698364257812
531.129577636719,16384,499.698364257812
531.129577636719,16384,499.698364257812
531.129577636719,16384,499.698364257812
531.129577636719,16384,499.698364257812
531.129577636719,16384,499.698364257812
531.129577636719,16384,499.698364257812
531.129577636719,16384,499.698364257812
531.129577636719,16384,499.698364257812
531.129577636719,16384,499.698364257812
531.129577636719,16384,499.698364257812
531.129577636719,16384,499.698364257812
531.129577636719,16384,499.698364257812
531.129577636719,16384,499.698364257812
531.129577636719,16384,499.698364257812
531.129638671875,16384,499.698364257812
531.129638671875,16384,499.698364257812
531.129638671875,16384,499.698364257812
531.129638671875,16384,499.698364257812
531.129638671875,16384,499.698364257812
531.129638671875,16384,499.698364257812
531.129638671875,16384,499.698364257812
531.129638671875,16384,499.698364257812
531.129638671875,16384,499.698364257812
531.129638671875,16384,499.698364257812
531.129638671875,16384,499.698364257812
531.129638671875,16384,499.698364257812
531.129638671875,16384,499.698364257812
531.129638671875,16384,499.698364257812
531.129638671875,16384,499.698364257812
531.129638671875,16384,499.698364257812
531.129638671875,16384,499.698364257812
531.129638671875,16384,499.698364257812
531.129638671875,16384,499.698364257812
531.129638671875,16384,499.698364257812
531.129699707031,16384,499.698364257812
531.129699707031,16384,499.698364257812
531.129699707031,16384,499.698364257812
531.129699707031,16384,499.698364257812
531.129699707031,16384,499.698364257812
531.129699707031,16384,499.698364257812
531.129699707031,16384,499.698364257812
531.129699707031,16384,499.698364257812
531.129699707031,16384,499.698364257812
531.129699707031,16384,499.698364257812
531.129699707031,16384,499.698364257812
531.129699707031,16384,499.698364257812
531.129760742188,16384,499.698364257812
531.129760742188,16384,499.698364257812
531.129699707031,16384,499.698364257812
531.129699707031,16384,499.698364257812
531.129699707031,16384,499.698364257812
531.129699707031,16384,499.698364257812
531.129699707031,16384,499.698364257812
531.129760742188,16384,499.698364257812
531.129699707031,16384,499.698364257812
531.129699707031,16384,499.698364257812
531.129699707031,16384,499.698364257812
531.129699707031,16384,499.698364257812
531.129699707031,16384,499.698364257812
531.129699707031,16384,499.698364257812
531.129699707031,16384,499.698364257812
531.129699707031,16384,499.698364257812
531.129699707031,16384,499.698364257812
531.129699707031,16384,499.698364257812
531.129699707031,16384,499.698364257812
531.129760742188,16384,499.698364257812
531.129760742188,16384,499.698364257812
531.129760742188,16384,499.698364257812
531.129760742188,16384,499.698364257812
531.129760742188,16384,499.698364257812
531.129760742188,16384,499.698364257812
531.129760742188,16384,499.698364257812
531.129760742188,16384,499.698364257812
531.129760742188,16384,499.698364257812
531.129760742188,16384,499.698364257812
531.129760742188,16384,499.698364257812
531.129760742188,16384,499.698364257812
531.129760742188,16384,499.698364257812
531.129760742188,16384,499.698364257812
531.129760742188,16384,499.698364257812
531.129760742188,16384,499.698364257812
531.129760742188,16384,499.698364257812
531.129760742188,16384,499.698364257812
531.129760742188,16384,499.698364257812
531.129760742188,16384,499.698364257812
531.129760742188,16384,499.698364257812
531.129760742188,16384,499.698364257812
531.129760742188,16384,499.698364257812
531.129760742188,16384,499.698364257812
531.129821777344,16384,499.698364257812
531.129821777344,16384,499.698364257812
531.129821777344,16384,499.698364257812
531.129821777344,16384,499.698364257812
531.129760742188,16384,499.698364257812
531.129760742188,16384,499.698364257812
531.129821777344,16384,499.698364257812
531.129821777344,16384,499.698364257812
531.129821777344,16384,499.698364257812
531.129821777344,16384,499.698364257812
531.129821777344,16384,499.698364257812
531.129821777344,16384,499.698364257812
531.129821777344,16384,499.698364257812
531.129821777344,16384,499.698364257812
531.129821777344,16384,499.698364257812
531.129821777344,16384,499.698364257812
531.129821777344,16384,499.698364257812
531.129821777344,16384,499.698364257812
531.129821777344,16384,499.698364257812
531.129821777344,16384,499.698364257812
531.129821777344,16384,499.698364257812
531.129821777344,16384,499.698364257812
531.129821777344,16384,499.698364257812
531.129821777344,16384,499.698364257812
531.129821777344,16384,499.698364257812
531.129821777344,16384,499.698364257812
531.129821777344,16384,499.698364257812
531.129821777344,16384,499.698364257812
531.129821777344,16384,499.698364257812
531.129821777344,16384,499.698364257812
531.129821777344,16384,499.698364257812
531.129821777344,16384,499.698364257812
531.129821777344,16384,499.698364257812
531.129821777344,16384,499.698364257812
531.129821777344,16384,499.698364257812
531.129821777344,16384,499.698364257812
531.129821777344,16384,499.698364257812
531.129821777344,16384,499.698364257812
531.129821777344,16384,499.698364257812
531.129821777344,16384,499.698364257812
531.129821777344,16384,499.698364257812
531.129821777344,16384,499.698364257812
531.129821777344,16384,499.698364257812
531.129821777344,16384,499.698364257812
531.129821777344,16384,499.698364257812
531.129821777344,16384,499.698364257812
531.129821777344,16384,499.698364257812
531.1298828125,16384,499.698364257812
531.1298828125,16384,499.698364257812
531.1298828125,16384,499.698364257812
531.1298828125,16384,499.698364257812
531.1298828125,16384,499.698364257812
531.1298828125,16384,499.698364257812
531.1298828125,16384,499.698364257812
531.1298828125,16384,499.698364257812
531.1298828125,16384,499.698364257812
531.1298828125,16384,499.698364257812
531.1298828125,16384,499.698364257812
531.129943847656,16384,499.698364257812
531.1298828125,16384,499.698364257812
531.1298828125,16384,499.698364257812
531.129943847656,16384,499.698364257812
531.129943847656,16384,499.698364257812
531.129943847656,16384,499.698364257812
531.129943847656,16384,499.698364257812
531.1298828125,16384,499.698364257812
531.129943847656,16384,499.698364257812
531.129943847656,16384,499.698364257812
531.1298828125,16384,499.698364257812
531.129943847656,16384,499.698364257812
531.129943847656,16384,499.698364257812
531.1298828125,16384,499.698364257812
531.129943847656,16384,499.698364257812
531.129943847656,16384,499.698364257812
531.129943847656,16384,499.698364257812
531.129943847656,16384,499.698364257812
531.129943847656,16384,499.698364257812
531.129943847656,16384,499.698364257812
531.129943847656,16384,499.698364257812
531.129943847656,16384,499.698364257812
531.129943847656,16384,499.698364257812
531.129943847656,16384,499.698364257812
531.129943847656,16384,499.698364257812
531.129943847656,16384,499.698364257812
531.129943847656,16384,499.698364257812
531.129943847656,16384,499.698364257812
531.130004882812,16384,499.698364257812
531.130004882812,16384,499.698364257812
531.130004882812,16384,499.698364257812
531.130004882812,16384,499.698364257812
531.130004882812,16384,499.698364257812
531.130004882812,16384,499.698364257812
531.130004882812,16384,499.698364257812
531.130004882812,16384,499.698364257812
531.130004882812,16384,499.698364257812
531.130004882812,16384,499.698364257812
531.130004882812,16384,499.698364257812
531.130004882812,16384,499.698364257812
531.130004882812,16384,499.698364257812
531.130004882812,16384,499.698364257812
531.130004882812,16384,499.698364257812
531.130004882812,16384,499.698364257812
531.130004882812,16384,499.698364257812
531.130065917969,16384,499.698364257812
531.130065917969,16384,499.698364257812
531.130065917969,16384,499.698364257812
531.130065917969,16384,499.698364257812
531.130065917969,16384,499.698364257812
531.130065917969,16384,499.698364257812
531.130065917969,16384,499.698364257812
531.130065917969,16384,499.698364257812
531.130065917969,16384,499.698364257812
531.130065917969,16384,499.698364257812
531.130065917969,16384,499.698364257812
531.130065917969,16384,499.698364257812
531.130065917969,16384,499.698364257812
531.130065917969,16384,499.698364257812
531.130065917969,16384,499.698364257812
531.130065917969,16384,499.698364257812
531.130065917969,16384,499.698364257812
531.130065917969,16384,499.698364257812
531.130065917969,16384,499.698364257812
531.130065917969,16384,499.698364257812
531.130065917969,16384,499.698364257812
531.130065917969,16384,499.698364257812
531.130126953125,16384,499.698364257812
531.130065917969,16384,499.698364257812
531.130065917969,16384,499.698364257812
531.130065917969,16384,499.698364257812
531.130126953125,16384,499.698364257812
531.130126953125,16384,499.698364257812
531.130126953125,16384,499.698364257812
531.130126953125,16384,499.698364257812
531.130126953125,16384,499.698364257812
531.130126953125,16384,499.698364257812
531.130126953125,16384,499.698364257812
531.130126953125,16384,499.698364257812
531.130126953125,16384,499.698364257812
531.130126953125,16384,499.698364257812
531.130187988281,16384,499.698364257812
531.130126953125,16384,499.698364257812
531.130126953125,16384,499.698364257812
531.130126953125,16384,499.698364257812
531.130126953125,16384,499.698364257812
531.130126953125,16384,499.698364257812
531.130126953125,16384,499.698364257812
531.130126953125,16384,499.698364257812
531.130126953125,16384,499.698364257812
531.130126953125,16384,499.698364257812
531.130126953125,16384,499.698364257812
531.130126953125,16384,499.698364257812
531.130126953125,16384,499.698364257812
531.130126953125,16384,499.698364257812
531.130126953125,16384,499.698364257812
531.130126953125,16384,499.698364257812
531.130126953125,16384,499.698364257812
531.130126953125,16384,499.698364257812
531.130126953125,16384,499.698364257812
531.130126953125,16384,499.698364257812
531.130126953125,16384,499.698364257812
531.130126953125,16384,499.698364257812
531.130126953125,16384,499.698364257812
531.130126953125,16384,499.698364257812
531.130126953125,16384,499.698364257812
531.130126953125,16384,499.698364257812
531.130126953125,16384,499.698364257812
531.130126953125,16384,499.698364257812
531.130126953125,16384,499.698364257812
531.130126953125,16384,499.698364257812
531.130126953125,16384,499.698364257812
531.130126953125,16384,499.698364257812
531.130126953125,16384,499.698364257812
531.130126953125,16384,499.698364257812
531.130126953125,16384,499.698364257812
531.130126953125,16384,499.698364257812
531.130126953125,16384,499.698364257812
531.130126953125,16384,499.698364257812
531.130126953125,16384,499.698364257812
531.130126953125,16384,499.698364257812
531.130126953125,16384,499.698364257812
531.130126953125,16384,499.698364257812
531.130126953125,16384,499.698364257812
531.130126953125,16384,499.698364257812
531.130126953125,16384,499.698364257812
531.130126953125,16384,499.698364257812
531.130126953125,16384,499.698364257812
531.130126953125,16384,499.698364257812
531.130126953125,16384,499.698364257812
531.130126953125,16384,499.698364257812
531.130126953125,16384,499.698364257812
531.130187988281,16384,499.698364257812
531.130187988281,16384,499.698364257812
531.130187988281,16384,499.698364257812
531.130187988281,16384,499.698364257812
531.130187988281,16384,499.698364257812
531.130187988281,16384,499.698364257812
531.130187988281,16384,499.698364257812
531.130187988281,16384,499.698364257812
531.130187988281,16384,499.698364257812
531.130187988281,16384,499.698364257812
531.130187988281,16384,499.698364257812
531.130187988281,16384,499.698364257812
531.130187988281,16384,499.698364257812
531.130187988281,16384,499.698364257812
531.130249023438,16384,499.698394775391
531.130249023438,16384,499.698394775391
531.130249023438,16384,499.698394775391
531.130249023438,16384,499.698394775391
531.130249023438,16384,499.698394775391
531.130249023438,16384,499.698394775391
531.130249023438,16384,499.698394775391
531.130310058594,16384,499.698394775391
531.130310058594,16384,499.698394775391
531.130310058594,16384,499.698394775391
531.130310058594,16384,499.698394775391
531.130310058594,16384,499.698394775391
531.130310058594,16384,499.698394775391
531.130310058594,16384,499.698394775391
531.130310058594,16384,499.698394775391
531.130249023438,16384,499.698394775391
531.130310058594,16384,499.698394775391
531.130310058594,16384,499.698394775391
531.130310058594,16384,499.698394775391
531.130310058594,16384,499.698394775391
531.130310058594,16384,499.698394775391
531.130310058594,16384,499.698394775391
531.130310058594,16384,499.698394775391
531.130310058594,16384,499.698394775391
531.130310058594,16384,499.698394775391
531.130310058594,16384,499.698394775391
531.130310058594,16384,499.698394775391
531.130310058594,16384,499.698394775391
531.13037109375,16384,499.698394775391
531.13037109375,16384,499.698394775391
531.13037109375,16384,499.698394775391
531.13037109375,16384,499.698394775391
531.13037109375,16384,499.698394775391
531.13037109375,16384,499.698394775391
531.13037109375,16384,499.698394775391
531.13037109375,16384,499.698394775391
531.13037109375,16384,499.698394775391
531.13037109375,16384,499.698394775391
531.13037109375,16384,499.698394775391
531.13037109375,16384,499.698394775391
531.130432128906,16384,499.698394775391
531.13037109375,16384,499.698394775391
531.130432128906,16384,499.698394775391
531.130432128906,16384,499.698394775391
531.130432128906,16384,499.698394775391
531.130432128906,16384,499.698394775391
531.130432128906,16384,499.698394775391
531.130432128906,16384,499.698394775391
531.130432128906,16384,499.698394775391
531.130432128906,16384,499.698394775391
531.130432128906,16384,499.698394775391
531.130432128906,16384,499.698394775391
531.130432128906,16384,499.698394775391
531.130432128906,16384,499.698394775391
531.130432128906,16384,499.698394775391
531.130432128906,16384,499.698394775391
531.130432128906,16384,499.698394775391
531.130432128906,16384,499.698394775391
531.130432128906,16384,499.698394775391
531.130432128906,16384,499.698394775391
531.130432128906,16384,499.698394775391
531.130432128906,16384,499.698394775391
531.130432128906,16384,499.698394775391
531.130432128906,16384,499.698394775391
531.130493164062,16384,499.698394775391
531.130493164062,16384,499.698394775391
531.130493164062,16384,499.698394775391
531.130493164062,16384,499.698394775391
531.130432128906,16384,499.698394775391
531.130493164062,16384,499.698394775391
531.130493164062,16384,499.698394775391
531.130493164062,16384,499.698394775391
531.130493164062,16384,499.698394775391
531.130493164062,16384,499.698394775391
531.130493164062,16384,499.698394775391
531.130493164062,16384,499.698394775391
531.130493164062,16384,499.698394775391
531.130493164062,16384,499.698394775391
531.130493164062,16384,499.698394775391
531.130493164062,16384,499.698394775391
531.130493164062,16384,499.698394775391
531.130554199219,16384,499.698394775391
531.130493164062,16384,499.698394775391
531.130554199219,16384,499.698394775391
531.130554199219,16384,499.698394775391
531.130554199219,16384,499.698394775391
531.130554199219,16384,499.698394775391
531.130554199219,16384,499.698394775391
531.130554199219,16384,499.698394775391
531.130554199219,16384,499.698394775391
531.130554199219,16384,499.698394775391
531.130554199219,16384,499.698394775391
531.130554199219,16384,499.698394775391
531.130554199219,16384,499.698394775391
531.130615234375,16384,499.698394775391
531.130615234375,16384,499.698394775391
531.130615234375,16384,499.698394775391
531.130615234375,16384,499.698394775391
531.130615234375,16384,499.698394775391
531.130676269531,16384,499.698394775391
531.130676269531,16384,499.698394775391
531.130676269531,16384,499.698394775391
531.130676269531,16384,499.698394775391
531.130676269531,16384,499.698394775391
531.130676269531,16384,499.698394775391
531.130615234375,16384,499.698394775391
531.130615234375,16384,499.698394775391
531.130615234375,16384,499.698394775391
531.130615234375,16384,499.698394775391
531.130615234375,16384,499.698394775391
531.130615234375,16384,499.698394775391
531.130615234375,16384,499.698394775391
531.130676269531,16384,499.698394775391
531.130676269531,16384,499.698394775391
531.130676269531,16384,499.698394775391
531.130676269531,16384,499.698394775391
531.130676269531,16384,499.698394775391
531.130676269531,16384,499.698394775391
531.130676269531,16384,499.698394775391
531.130676269531,16384,499.698394775391
531.130676269531,16384,499.698394775391
531.130676269531,16384,499.698394775391
531.130676269531,16384,499.698394775391
531.130676269531,16384,499.698394775391
531.130676269531,16384,499.698394775391
531.130676269531,16384,499.698394775391
531.130676269531,16384,499.698394775391
531.130676269531,16384,499.698394775391
531.130737304688,16384,499.698394775391
531.130676269531,16384,499.698394775391
531.130676269531,16384,499.698394775391
531.130737304688,16384,499.698394775391
531.130676269531,16384,499.698394775391
531.130676269531,16384,499.698394775391
531.130737304688,16384,499.698394775391
531.130737304688,16384,499.698394775391
531.130737304688,16384,499.698394775391
531.130737304688,16384,499.698394775391
531.130737304688,16384,499.698394775391
531.130737304688,16384,499.698394775391
531.130737304688,16384,499.698394775391
531.130737304688,16384,499.698394775391
531.130798339844,16384,499.698394775391
531.130798339844,16384,499.698394775391
531.130798339844,16384,499.698394775391
531.130798339844,16384,499.698394775391
531.130798339844,16384,499.698394775391
531.130798339844,16384,499.698394775391
531.130798339844,16384,499.698394775391
531.130798339844,16384,499.698394775391
531.130798339844,16384,499.698394775391
531.130798339844,16384,499.698394775391
531.130798339844,16384,499.698394775391
531.130798339844,16384,499.698394775391
531.130798339844,16384,499.698394775391
531.130798339844,16384,499.698394775391
531.130798339844,16384,499.698394775391
531.130798339844,16384,499.698394775391
531.130798339844,16384,499.698394775391
531.130798339844,16384,499.698394775391
531.130798339844,16384,499.698394775391
531.130859375,16384,499.698394775391
531.130859375,16384,499.698394775391
531.130859375,16384,499.698394775391
531.130859375,16384,499.698394775391
531.130859375,16384,499.698394775391
531.130859375,16384,499.698394775391
531.130859375,16384,499.698394775391
531.130859375,16384,499.698394775391
531.130859375,16384,499.698394775391
531.130859375,16384,499.698364257812
531.130859375,16384,499.698364257812
531.130859375,16384,499.698364257812
531.130798339844,16384,499.698364257812
531.130798339844,16384,499.698364257812
531.130859375,16384,499.698364257812
531.130859375,16384,499.698364257812
531.130859375,16384,499.698364257812
531.130859375,16384,499.698364257812
531.130859375,16384,499.698364257812
531.130859375,16384,499.698364257812
531.130859375,16384,499.698364257812
531.130859375,16384,499.698364257812
531.130859375,16384,499.698364257812
531.130859375,16384,499.698364257812
531.130859375,16384,499.698364257812
531.130859375,16384,499.698364257812
531.130920410156,16384,499.698364257812
531.130920410156,16384,499.698364257812
531.130859375,16384,499.698364257812
531.130920410156,16384,499.698364257812
531.130920410156,16384,499.698364257812
531.130920410156,16384,499.698364257812
531.130920410156,16384,499.698364257812
531.130920410156,16384,499.698364257812
531.130920410156,16384,499.698364257812
531.130920410156,16384,499.698364257812
531.130920410156,16384,499.698364257812
531.130920410156,16384,499.698364257812
531.130920410156,16384,499.698364257812
531.130920410156,16384,499.698364257812
531.130859375,16384,499.698364257812
531.130859375,16384,499.698364257812
531.130920410156,16384,499.698364257812
531.130920410156,16384,499.698364257812
531.130920410156,16384,499.698364257812
531.130920410156,16384,499.698364257812
531.130920410156,16384,499.698364257812
531.130920410156,16384,499.698364257812
531.130920410156,16384,499.698364257812
531.130920410156,16384,499.698364257812
531.130920410156,16384,499.698364257812
531.130859375,16384,499.698364257812
531.130920410156,16384,499.698364257812
531.130920410156,16384,499.698364257812
531.130920410156,16384,499.698364257812
531.130920410156,16384,499.698364257812
531.130920410156,16384,499.698364257812
531.130920410156,16384,499.698364257812
531.130920410156,16384,499.698364257812
531.130920410156,16384,499.698364257812
531.130920410156,16384,499.698364257812
531.130920410156,16384,499.698364257812
531.130920410156,16384,499.698364257812
531.130920410156,16384,499.698364257812
531.130920410156,16384,499.698364257812
531.130920410156,16384,499.698364257812
531.130981445312,16384,499.698364257812
531.130920410156,16384,499.698364257812
531.130920410156,16384,499.698364257812
531.130981445312,16384,499.698364257812
531.130981445312,16384,499.698364257812
531.130981445312,16384,499.698364257812
531.130981445312,16384,499.698364257812
531.130981445312,16384,499.698364257812
531.130981445312,16384,499.698364257812
531.130981445312,16384,499.698364257812
531.130981445312,16384,499.698364257812
531.131042480469,16384,499.698364257812
531.131042480469,16384,499.698364257812
531.130981445312,16384,499.698364257812
531.130981445312,16384,499.698364257812
531.131042480469,16384,499.698364257812
531.131042480469,16384,499.698364257812
531.131042480469,16384,499.698364257812
531.131042480469,16384,499.698364257812
531.131103515625,16384,499.698364257812
531.131103515625,16384,499.698364257812
531.131103515625,16384,499.698364257812
531.131103515625,16384,499.698364257812
531.131103515625,16384,499.698364257812
531.131103515625,16384,499.698364257812
531.131103515625,16384,499.698364257812
531.131103515625,16384,499.698364257812
531.131103515625,16384,499.698364257812
531.131103515625,16384,499.698364257812
531.131103515625,16384,499.698364257812
531.131103515625,16384,499.698364257812
531.131103515625,16384,499.698364257812
531.131164550781,16384,499.698364257812
531.131103515625,16384,499.698364257812
531.131103515625,16384,499.698364257812
531.131103515625,16384,499.698364257812
531.131103515625,16384,499.698364257812
531.131103515625,16384,499.698364257812
531.131103515625,16384,499.698364257812
531.131103515625,16384,499.698364257812
531.131103515625,16384,499.698364257812
531.131103515625,16384,499.698364257812
531.131103515625,16384,499.698364257812
531.131103515625,16384,499.698364257812
531.131103515625,16384,499.698364257812
531.131103515625,16384,499.698364257812
531.131103515625,16384,499.698364257812
531.131164550781,16384,499.698364257812
531.131164550781,16384,499.698364257812
531.131164550781,16384,499.698364257812
531.131164550781,16384,499.698364257812
531.131164550781,16384,499.698364257812
531.131164550781,16384,499.698364257812
531.131164550781,16384,499.698364257812
531.131164550781,16384,499.698364257812
531.131164550781,16384,499.698364257812
531.131164550781,16384,499.698364257812
531.131164550781,16384,499.698364257812
531.131164550781,16384,499.698364257812
531.131164550781,16384,499.698364257812
531.131164550781,16384,499.698364257812
531.131164550781,16384,499.698364257812
531.131164550781,16384,499.698364257812
531.131164550781,16384,499.698364257812
531.131164550781,16384,499.698364257812
531.131164550781,16384,499.698364257812
531.131164550781,16384,499.698364257812
531.131225585938,16384,499.698364257812
531.131225585938,16384,499.698364257812
531.131225585938,16384,499.698364257812
531.131225585938,16384,499.698364257812
531.131225585938,16384,499.698364257812
531.131225585938,16384,499.698364257812
531.131286621094,16384,499.698364257812
531.131286621094,16384,499.698364257812
531.131286621094,16384,499.698364257812
531.131225585938,16384,499.698364257812
531.131225585938,16384,499.698364257812
531.131286621094,16384,499.698364257812
531.131286621094,16384,499.698364257812
531.131286621094,16384,499.698364257812
531.131286621094,16384,499.698364257812
531.131286621094,16384,499.698364257812
531.131286621094,16384,499.698364257812
531.131286621094,16384,499.698364257812
531.131286621094,16384,499.698364257812
531.131286621094,16384,499.698364257812
531.131286621094,16384,499.698364257812
531.131286621094,16384,499.698364257812
531.131286621094,16384,499.698364257812
531.131286621094,16384,499.698364257812
531.131286621094,16384,499.698364257812
531.131286621094,16384,499.698364257812
531.131286621094,16384,499.698364257812
531.131286621094,16384,499.698364257812
531.131286621094,16384,499.698364257812
531.131286621094,16384,499.698364257812
531.131286621094,16384,499.698364257812
531.131286621094,16384,499.698364257812
531.131286621094,16384,499.698364257812
531.131286621094,16384,499.698364257812
531.131286621094,16384,499.698364257812
531.131286621094,16384,499.698364257812
531.13134765625,16384,499.698364257812
531.13134765625,16384,499.698364257812
531.13134765625,16384,499.698364257812
531.131286621094,16384,499.698364257812
531.131286621094,16384,499.698364257812
531.13134765625,16384,499.698364257812
531.13134765625,16384,499.698364257812
531.13134765625,16384,499.698364257812
531.13134765625,16384,499.698364257812
531.13134765625,16384,499.698364257812
531.131408691406,16384,499.698364257812
531.13134765625,16384,499.698364257812
531.131408691406,16384,499.698364257812
531.131408691406,16384,499.698364257812
531.131408691406,16384,499.698364257812
531.131408691406,16384,499.698364257812
531.131408691406,16384,499.698364257812
531.131408691406,16384,499.698364257812
531.131408691406,16384,499.698364257812
531.131408691406,16384,499.698364257812
531.131408691406,16384,499.698364257812
531.131408691406,16384,499.698364257812
531.131408691406,16384,499.698364257812
531.131469726562,16384,499.698364257812
531.131469726562,16384,499.698364257812
531.131469726562,16384,499.698364257812
531.131469726562,16384,499.698364257812
531.131469726562,16384,499.698364257812
531.131469726562,16384,499.698364257812
531.131469726562,16384,499.698364257812
531.131469726562,16384,499.698364257812
531.131469726562,16384,499.698364257812
531.131469726562,16384,499.698364257812
531.131530761719,16384,499.698364257812
531.131530761719,16384,499.698364257812
531.131530761719,16384,499.698364257812
531.131530761719,16384,499.698364257812
531.131530761719,16384,499.698364257812
531.131469726562,16384,499.698364257812
531.131469726562,16384,499.698364257812
531.131469726562,16384,499.698364257812
531.131469726562,16384,499.698364257812
531.131469726562,16384,499.698364257812
531.131469726562,16384,499.698364257812
531.131469726562,16384,499.698364257812
531.131469726562,16384,499.698364257812
531.131469726562,16384,499.698364257812
531.131469726562,16384,499.698364257812
531.131469726562,16384,499.698364257812
531.131469726562,16384,499.698364257812
531.131469726562,16384,499.698364257812
531.131469726562,16384,499.698364257812
531.131469726562,16384,499.698364257812
531.131469726562,16384,499.698364257812
531.131469726562,16384,499.698364257812
531.131469726562,16384,499.698364257812
531.131469726562,16384,499.698364257812
531.131530761719,16384,499.698364257812
531.131530761719,16384,499.698364257812
531.131530761719,16384,499.698364257812
531.131530761719,16384,499.698364257812
531.131530761719,16384,499.698364257812
531.131530761719,16384,499.698364257812
531.131530761719,16384,499.698364257812
531.131530761719,16384,499.698364257812
531.131591796875,16384,499.698364257812
531.131591796875,16384,499.698364257812
531.131591796875,16384,499.698364257812
531.131591796875,16384,499.698364257812
531.131591796875,16384,499.698364257812
531.131591796875,16384,499.698364257812
531.131652832031,16384,499.698364257812
531.131591796875,16384,499.698364257812
531.131591796875,16384,499.698364257812
531.131591796875,16384,499.698364257812
531.131591796875,16384,499.698364257812
531.131591796875,16384,499.698364257812
531.131591796875,16384,499.698364257812
531.131591796875,16384,499.698364257812
531.131591796875,16384,499.698364257812
531.131591796875,16384,499.698364257812
531.131591796875,16384,499.698364257812
531.131591796875,16384,499.698364257812
531.131591796875,16384,499.698364257812
531.131652832031,16384,499.698364257812
531.131652832031,16384,499.698364257812
531.131652832031,16384,499.698364257812
531.131652832031,16384,499.698364257812
531.131652832031,16384,499.698364257812
531.131652832031,16384,499.698364257812
531.131652832031,16384,499.698364257812
531.131652832031,16384,499.698364257812
531.131652832031,16384,499.698364257812
531.131713867188,16384,499.698364257812
531.131713867188,16384,499.698364257812
531.131713867188,16384,499.698364257812
531.131713867188,16384,499.698364257812
531.131713867188,16384,499.698364257812
531.131713867188,16384,499.698364257812
531.131713867188,16384,499.698364257812
531.131713867188,16384,499.698364257812
531.131713867188,16384,499.698364257812
531.131713867188,16384,499.698364257812
531.131713867188,16384,499.698364257812
531.131713867188,16384,499.698364257812
531.131713867188,16384,499.698364257812
531.131774902344,16384,499.698364257812
531.131774902344,16384,499.698364257812
531.131774902344,16384,499.698364257812
531.131774902344,16384,499.698364257812
531.131774902344,16384,499.698364257812
531.131774902344,16384,499.698364257812
531.131774902344,16384,499.698364257812
531.131774902344,16384,499.698364257812
531.131774902344,16384,499.698364257812
531.131774902344,16384,499.698364257812
531.131774902344,16384,499.698364257812
531.131774902344,16384,499.698364257812
531.131774902344,16384,499.698364257812
531.131774902344,16384,499.698364257812
531.131774902344,16384,499.698364257812
531.131774902344,16384,499.698364257812
531.131774902344,16384,499.698364257812
531.131774902344,16384,499.698364257812
531.131774902344,16384,499.698364257812
531.131774902344,16384,499.698364257812
531.131774902344,16384,499.698364257812
531.131774902344,16384,499.698364257812
531.131774902344,16384,499.698364257812
531.131774902344,16384,499.698364257812
531.131774902344,16384,499.698364257812
531.1318359375,16384,499.698364257812
531.1318359375,16384,499.698394775391
531.1318359375,16384,499.698394775391
531.1318359375,16384,499.698394775391
531.1318359375,16384,499.698394775391
531.131896972656,16384,499.698394775391
531.131896972656,16384,499.698394775391
531.131896972656,16384,499.698394775391
531.131896972656,16384,499.698394775391
531.131896972656,16384,499.698394775391
531.131896972656,16384,499.698394775391
531.131896972656,16384,499.698394775391
531.131896972656,16384,499.698394775391
531.131896972656,16384,499.698394775391
531.131896972656,16384,499.698394775391
531.131896972656,16384,499.698394775391
531.131896972656,16384,499.698394775391
531.131896972656,16384,499.698394775391
531.131896972656,16384,499.698394775391
531.131896972656,16384,499.698394775391
531.131896972656,16384,499.698394775391
531.131896972656,16384,499.698394775391
531.131896972656,16384,499.698394775391
531.131958007812,16384,499.698394775391
531.131958007812,16384,499.698394775391
531.131958007812,16384,499.698394775391
531.131958007812,16384,499.698394775391
531.131958007812,16384,499.698394775391
531.131958007812,16384,499.698394775391
531.132019042969,16384,499.698394775391
531.132019042969,16384,499.698394775391
531.131958007812,16384,499.698394775391
531.132019042969,16384,499.698394775391
531.132019042969,16384,499.698394775391
531.132019042969,16384,499.698394775391
531.132019042969,16384,499.698394775391
531.132019042969,16384,499.698394775391
531.132019042969,16384,499.698394775391
531.132019042969,16384,499.698394775391
531.132019042969,16384,499.698394775391
531.132019042969,16384,499.698394775391
531.132019042969,16384,499.698394775391
531.132019042969,16384,499.698394775391
531.132080078125,16384,499.698394775391
531.132080078125,16384,499.698394775391
531.132080078125,16384,499.698394775391
531.132080078125,16384,499.698394775391
531.132080078125,16384,499.698394775391
531.132080078125,16384,499.698394775391
531.132080078125,16384,499.698394775391
531.132080078125,16384,499.698394775391
531.132141113281,16384,499.698394775391
531.132141113281,16384,499.698394775391
531.132141113281,16384,499.698394775391
531.132141113281,16384,499.698394775391
531.132141113281,16384,499.698394775391
531.132141113281,16384,499.698394775391
531.132141113281,16384,499.698394775391
531.132141113281,16384,499.698394775391
531.132141113281,16384,499.698394775391
531.132141113281,16384,499.698394775391
531.132141113281,16384,499.698394775391
531.132141113281,16384,499.698394775391
531.132141113281,16384,499.698394775391
531.132141113281,16384,499.698394775391
531.132141113281,16384,499.698394775391
531.132141113281,16384,499.698394775391
531.132141113281,16384,499.698394775391
531.132141113281,16384,499.698394775391
531.132202148438,16384,499.698394775391
531.132202148438,16384,499.698394775391
531.132202148438,16384,499.698394775391
531.132202148438,16384,499.698394775391
531.132202148438,16384,499.698394775391
531.132202148438,16384,499.698394775391
531.132202148438,16384,499.698394775391
531.132202148438,16384,499.698394775391
531.132202148438,16384,499.698394775391
531.132263183594,16384,499.698394775391
531.132263183594,16384,499.698394775391
531.132263183594,16384,499.698394775391
531.132202148438,16384,499.698394775391
531.132202148438,16384,499.698394775391
531.132202148438,16384,499.698394775391
531.132263183594,16384,499.698394775391
531.132202148438,16384,499.698394775391
531.132202148438,16384,499.698394775391
531.132202148438,16384,499.698394775391
531.132202148438,16384,499.698394775391
531.132202148438,16384,499.698394775391
531.132202148438,16384,499.698394775391
531.132202148438,16384,499.698394775391
531.132202148438,16384,499.698394775391
531.132202148438,16384,499.698394775391
531.132263183594,16384,499.698394775391
531.132263183594,16384,499.698394775391
531.132263183594,16384,499.698394775391
531.132263183594,16384,499.698394775391
531.132263183594,16384,499.698394775391
531.132263183594,16384,499.698394775391
531.132263183594,16384,499.698394775391
531.132263183594,16384,499.698394775391
531.13232421875,16384,499.698394775391
531.13232421875,16384,499.698394775391
531.13232421875,16384,499.698394775391
531.13232421875,16384,499.698394775391
531.13232421875,16384,499.698394775391
531.13232421875,16384,499.698394775391
531.13232421875,16384,499.698394775391
531.13232421875,16384,499.698394775391
531.13232421875,16384,499.698394775391
531.13232421875,16384,499.698394775391
531.13232421875,16384,499.698394775391
531.13232421875,16384,499.698394775391
531.13232421875,16384,499.698394775391
531.13232421875,16384,499.698394775391
531.13232421875,16384,499.698394775391
531.13232421875,16384,499.698394775391
531.13232421875,16384,499.698394775391
531.13232421875,16384,499.698394775391
531.13232421875,16384,499.698394775391
531.13232421875,16384,499.698394775391
531.13232421875,16384,499.698394775391
531.132385253906,16384,499.698394775391
531.132385253906,16384,499.698394775391
531.132385253906,16384,499.698394775391
531.132385253906,16384,499.698394775391
531.132385253906,16384,499.698394775391
531.132385253906,16384,499.698394775391
531.132385253906,16384,499.698394775391
531.132385253906,16384,499.698394775391
531.132385253906,16384,499.698394775391
531.132446289062,16384,499.698394775391
531.132446289062,16384,499.698394775391
531.132446289062,16384,499.698394775391
531.132446289062,16384,499.698394775391
531.132446289062,16384,499.698394775391
531.132446289062,16384,499.698394775391
531.132446289062,16384,499.698394775391
531.132446289062,16384,499.698394775391
531.132446289062,16384,499.698394775391
531.132446289062,16384,499.698394775391
531.132446289062,16384,499.698394775391
531.132446289062,16384,499.698394775391
531.132446289062,16384,499.698394775391
531.132446289062,16384,499.698394775391
531.132507324219,16384,499.698394775391
531.132507324219,16384,499.698394775391
531.132507324219,16384,499.698394775391
531.132507324219,16384,499.698394775391
531.132507324219,16384,499.698394775391
531.132507324219,16384,499.698394775391
531.132507324219,16384,499.698394775391
531.132568359375,16384,499.698394775391
531.132568359375,16384,499.698394775391
531.132568359375,16384,499.698394775391
531.132568359375,16384,499.698394775391
531.132568359375,16384,499.698394775391
531.132568359375,16384,499.698394775391
531.132568359375,16384,499.698394775391
531.132568359375,16384,499.698394775391
531.132568359375,16384,499.698394775391
531.132568359375,16384,499.698394775391
531.132568359375,16384,499.698394775391
531.132568359375,16384,499.698394775391
531.132568359375,16384,499.698394775391
531.132568359375,16384,499.698394775391
531.132568359375,16384,499.698394775391
531.132568359375,16384,499.698394775391
531.132568359375,16384,499.698394775391
531.132568359375,16384,499.698394775391
531.132568359375,16384,499.698394775391
531.132568359375,16384,499.698394775391
531.132568359375,16384,499.698394775391
531.132629394531,16384,499.698394775391
531.132568359375,16384,499.698394775391
531.132568359375,16384,499.698394775391
531.132568359375,16384,499.698394775391
531.132629394531,16384,499.698394775391
531.132629394531,16384,499.698394775391
531.132629394531,16384,499.698394775391
531.132629394531,16384,499.698394775391
531.132629394531,16384,499.698394775391
531.132629394531,16384,499.698394775391
531.132629394531,16384,499.698394775391
531.132629394531,16384,499.698394775391
531.132629394531,16384,499.698394775391
531.132629394531,16384,499.698394775391
531.132629394531,16384,499.698394775391
531.132629394531,16384,499.698394775391
531.132629394531,16384,499.698394775391
531.132629394531,16384,499.698394775391
531.132629394531,16384,499.698394775391
531.132629394531,16384,499.698394775391
531.132690429688,16384,499.698394775391
531.132690429688,16384,499.698394775391
531.132690429688,16384,499.698394775391
531.132690429688,16384,499.698394775391
531.132690429688,16384,499.698394775391
531.132690429688,16384,499.698394775391
531.132690429688,16384,499.698394775391
531.132690429688,16384,499.698394775391
531.132690429688,16384,499.698394775391
531.132690429688,16384,499.698394775391
531.132690429688,16384,499.698394775391
531.132690429688,16384,499.698394775391
531.132690429688,16384,499.698394775391
531.132751464844,16384,499.698394775391
531.132751464844,16384,499.698394775391
531.132751464844,16384,499.698394775391
531.132751464844,16384,499.698394775391
531.1328125,16384,499.698394775391
531.1328125,16384,499.698394775391
531.1328125,16384,499.698394775391
531.1328125,16384,499.698394775391
531.1328125,16384,499.698394775391
531.1328125,16384,499.698394775391
531.1328125,16384,499.698394775391
531.1328125,16384,499.698394775391
531.1328125,16384,499.698394775391
531.1328125,16384,499.698394775391
531.132873535156,16384,499.698394775391
531.132873535156,16384,499.698394775391
531.132873535156,16384,499.698394775391
531.132873535156,16384,499.698394775391
531.132873535156,16384,499.698394775391
531.132873535156,16384,499.698394775391
531.132873535156,16384,499.698394775391
531.132873535156,16384,499.698394775391
531.132873535156,16384,499.698394775391
531.132873535156,16384,499.698394775391
531.132934570312,16384,499.698394775391
531.132934570312,16384,499.698394775391
531.132934570312,16384,499.698394775391
531.132934570312,16384,499.698394775391
531.132934570312,16384,499.698394775391
531.132934570312,16384,499.698394775391
531.132934570312,16384,499.698394775391
531.132934570312,16384,499.698394775391
531.132934570312,16384,499.698394775391
531.132934570312,16384,499.698394775391
531.132934570312,16384,499.698394775391
531.132995605469,16384,499.698394775391
531.132995605469,16384,499.698394775391
531.132995605469,16384,499.698394775391
531.132995605469,16384,499.698394775391
531.132995605469,16384,499.698394775391
531.132995605469,16384,499.698394775391
531.132995605469,16384,499.698394775391
531.132995605469,16384,499.698394775391
531.132995605469,16384,499.698394775391
531.132995605469,16384,499.698394775391
531.132995605469,16384,499.698394775391
531.132995605469,16384,499.698394775391
531.132995605469,16384,499.698394775391
531.132995605469,16384,499.698394775391
531.132995605469,16384,499.698394775391
531.133056640625,16384,499.698394775391
531.133056640625,16384,499.698394775391
531.133056640625,16384,499.698394775391
531.133056640625,16384,499.698394775391
531.133056640625,16384,499.698394775391
531.133056640625,16384,499.698394775391
531.133056640625,16384,499.698394775391
531.133056640625,16384,499.698394775391
531.133056640625,16384,499.698394775391
531.133056640625,16384,499.698394775391
531.133056640625,16384,499.698394775391
531.133056640625,16384,499.698394775391
531.133117675781,16384,499.698394775391
531.133117675781,16384,499.698394775391
531.133117675781,16384,499.698394775391
531.133117675781,16384,499.698394775391
531.133117675781,16384,499.698394775391
531.133117675781,16384,499.698394775391
531.133117675781,16384,499.698394775391
531.133117675781,16384,499.698394775391
531.133178710938,16384,499.698394775391
531.133117675781,16384,499.698394775391
531.133117675781,16384,499.698394775391
531.133117675781,16384,499.698394775391
531.133178710938,16384,499.698394775391
531.133178710938,16384,499.698394775391
531.133178710938,16384,499.698394775391
531.133178710938,16384,499.698394775391
531.133178710938,16384,499.698394775391
531.133178710938,16384,499.698394775391
531.133178710938,16384,499.698394775391
531.133178710938,16384,499.698394775391
531.133178710938,16384,499.698394775391
531.133178710938,16384,499.698394775391
531.133239746094,16384,499.698394775391
531.133178710938,16384,499.698364257812
531.133178710938,16384,499.698364257812
531.133178710938,16384,499.698364257812
531.133178710938,16384,499.698364257812
531.133178710938,16384,499.698364257812
531.133178710938,16384,499.698364257812
531.133178710938,16384,499.698364257812
531.133239746094,16384,499.698364257812
531.133239746094,16384,499.698364257812
531.133239746094,16384,499.698364257812
531.133239746094,16384,499.698364257812
531.133239746094,16384,499.698364257812
531.133239746094,16384,499.698364257812
531.133239746094,16384,499.698364257812
531.133239746094,16384,499.698364257812
531.133239746094,16384,499.698364257812
531.133239746094,16384,499.698364257812
531.133239746094,16384,499.698364257812
531.133239746094,16384,499.698364257812
531.13330078125,16384,499.698364257812
531.133239746094,16384,499.698364257812
531.133239746094,16384,499.698364257812
531.133239746094,16384,499.698364257812
531.13330078125,16384,499.698364257812
531.133239746094,16384,499.698364257812
531.133239746094,16384,499.698364257812
531.13330078125,16384,499.698364257812
531.133239746094,16384,499.698364257812
531.133239746094,16384,499.698364257812
531.13330078125,16384,499.698364257812
531.13330078125,16384,499.698364257812
531.13330078125,16384,499.698364257812
531.13330078125,16384,499.698364257812
531.13330078125,16384,499.698364257812
531.13330078125,16384,499.698364257812
531.13330078125,16384,499.698364257812
531.13330078125,16384,499.698364257812
531.13330078125,16384,499.698364257812
531.13330078125,16384,499.698364257812
531.133361816406,16384,499.698364257812
531.133361816406,16384,499.698364257812
531.133361816406,16384,499.698364257812
531.133361816406,16384,499.698364257812
531.133361816406,16384,499.698364257812
531.133361816406,16384,499.698364257812
531.133361816406,16384,499.698364257812
531.133361816406,16384,499.698364257812
531.133361816406,16384,499.698364257812
531.133361816406,16384,499.698364257812
531.133361816406,16384,499.698364257812
531.133361816406,16384,499.698364257812
531.133361816406,16384,499.698364257812
531.133361816406,16384,499.698364257812
531.133422851562,16384,499.698364257812
531.133422851562,16384,499.698364257812
531.133422851562,16384,499.698364257812
531.133422851562,16384,499.698364257812
531.133422851562,16384,499.698364257812
531.133422851562,16384,499.698364257812
531.133422851562,16384,499.698364257812
531.133422851562,16384,499.698364257812
531.133422851562,16384,499.698364257812
531.133422851562,16384,499.698364257812
531.133422851562,16384,499.698364257812
531.133483886719,16384,499.698364257812
531.133483886719,16384,499.698364257812
531.133483886719,16384,499.698364257812
531.133483886719,16384,499.698364257812
531.133483886719,16384,499.698364257812
531.133483886719,16384,499.698364257812
531.133483886719,16384,499.698364257812
531.133483886719,16384,499.698364257812
531.133483886719,16384,499.698364257812
531.133483886719,16384,499.698364257812
531.133483886719,16384,499.698364257812
531.133483886719,16384,499.698364257812
531.133544921875,16384,499.698364257812
531.133544921875,16384,499.698364257812
531.133544921875,16384,499.698364257812
531.133544921875,16384,499.698364257812
531.133544921875,16384,499.698364257812
531.133544921875,16384,499.698364257812
531.133544921875,16384,499.698364257812
531.133544921875,16384,499.698364257812
531.133544921875,16384,499.698364257812
531.133544921875,16384,499.698364257812
531.133544921875,16384,499.698364257812
531.133605957031,16384,499.698364257812
531.133605957031,16384,499.698364257812
531.133605957031,16384,499.698364257812
531.133605957031,16384,499.698364257812
531.133605957031,16384,499.698364257812
531.133605957031,16384,499.698364257812
531.133605957031,16384,499.698364257812
531.133666992188,16384,499.698364257812
531.133605957031,16384,499.698364257812
531.133666992188,16384,499.698364257812
531.133666992188,16384,499.698364257812
531.133666992188,16384,499.698364257812
531.133605957031,16384,499.698364257812
531.133666992188,16384,499.698364257812
531.133666992188,16384,499.698364257812
531.133666992188,16384,499.698364257812
531.133666992188,16384,499.698364257812
531.133666992188,16384,499.698364257812
531.133666992188,16384,499.698364257812
531.133666992188,16384,499.698364257812
531.133666992188,16384,499.698364257812
531.133666992188,16384,499.698364257812
531.133666992188,16384,499.698364257812
531.133666992188,16384,499.698364257812
531.133728027344,16384,499.698364257812
531.133728027344,16384,499.698364257812
531.133728027344,16384,499.698364257812
531.133728027344,16384,499.698364257812
531.133728027344,16384,499.698364257812
531.133728027344,16384,499.698364257812
531.133728027344,16384,499.698364257812
531.133728027344,16384,499.698364257812
531.133728027344,16384,499.698364257812
531.133728027344,16384,499.698364257812
531.133728027344,16384,499.698364257812
531.133728027344,16384,499.698364257812
531.133728027344,16384,499.698364257812
531.133728027344,16384,499.698364257812
531.133728027344,16384,499.698364257812
531.1337890625,16384,499.698364257812
531.1337890625,16384,499.698364257812
531.1337890625,16384,499.698364257812
531.1337890625,16384,499.698364257812
531.1337890625,16384,499.698364257812
531.1337890625,16384,499.698364257812
531.1337890625,16384,499.698364257812
531.1337890625,16384,499.698364257812
531.1337890625,16384,499.698364257812
531.1337890625,16384,499.698364257812
531.1337890625,16384,499.698364257812
531.1337890625,16384,499.698364257812
531.133850097656,16384,499.698364257812
531.133850097656,16384,499.698364257812
531.1337890625,16384,499.698364257812
531.133850097656,16384,499.698364257812
531.133850097656,16384,499.698364257812
531.133850097656,16384,499.698364257812
531.133850097656,16384,499.698364257812
531.133850097656,16384,499.698364257812
531.133911132812,16384,499.698364257812
531.133911132812,16384,499.698364257812
531.133911132812,16384,499.698364257812
531.133911132812,16384,499.698364257812
531.133911132812,16384,499.698364257812
531.133911132812,16384,499.698364257812
531.133911132812,16384,499.698364257812
531.133911132812,16384,499.698364257812
531.133911132812,16384,499.698364257812
531.133911132812,16384,499.698364257812
531.133911132812,16384,499.698364257812
531.133911132812,16384,499.698364257812
531.133911132812,16384,499.698364257812
531.133911132812,16384,499.698364257812
531.133911132812,16384,499.698364257812
531.133911132812,16384,499.698364257812
531.133911132812,16384,499.698364257812
531.133911132812,16384,499.698364257812
531.133972167969,16384,499.698364257812
531.133972167969,16384,499.698364257812
531.133972167969,16384,499.698364257812
531.133972167969,16384,499.698364257812
531.134033203125,16384,499.698364257812
531.134033203125,16384,499.698364257812
531.134033203125,16384,499.698364257812
531.134033203125,16384,499.698364257812
531.134033203125,16384,499.698364257812
531.134033203125,16384,499.698364257812
531.134033203125,16384,499.698364257812
531.134033203125,16384,499.698364257812
531.134033203125,16384,499.698364257812
531.134033203125,16384,499.698364257812
531.134033203125,16384,499.698364257812
531.134094238281,16384,499.698364257812
531.134094238281,16384,499.698364257812
531.134094238281,16384,499.698364257812
531.134094238281,16384,499.698364257812
531.134094238281,16384,499.698364257812
531.134033203125,16384,499.698364257812
531.134033203125,16384,499.698364257812
531.134033203125,16384,499.698364257812
531.134033203125,16384,499.698364257812
531.134094238281,16384,499.698364257812
531.134094238281,16384,499.698364257812
531.134094238281,16384,499.698364257812
531.134094238281,16384,499.698364257812
531.134094238281,16384,499.698364257812
531.134094238281,16384,499.698364257812
531.134155273438,16384,499.698364257812
531.134155273438,16384,499.698364257812
531.134155273438,16384,499.698364257812
531.134155273438,16384,499.698364257812
531.134155273438,16384,499.698364257812
531.134155273438,16384,499.698364257812
531.134216308594,16384,499.698364257812
531.134155273438,16384,499.698364257812
531.134155273438,16384,499.698364257812
531.134155273438,16384,499.698364257812
531.134155273438,16384,499.698364257812
531.134155273438,16384,499.698364257812
531.134216308594,16384,499.698364257812
531.134155273438,16384,499.698364257812
531.134216308594,16384,499.698364257812
531.134216308594,16384,499.698364257812
531.134216308594,16384,499.698364257812
531.134216308594,16384,499.698364257812
531.134216308594,16384,499.698364257812
531.134216308594,16384,499.698364257812
531.134216308594,16384,499.698364257812
531.134216308594,16384,499.698364257812
531.134216308594,16384,499.698364257812
531.134216308594,16384,499.698364257812
531.134216308594,16384,499.698364257812
531.13427734375,16384,499.698364257812
531.13427734375,16384,499.698364257812
531.13427734375,16384,499.698364257812
531.13427734375,16384,499.698364257812
531.13427734375,16384,499.698364257812
531.134338378906,16384,499.698364257812
531.134338378906,16384,499.698364257812
531.134338378906,16384,499.698364257812
531.134338378906,16384,499.698364257812
531.134338378906,16384,499.698364257812
531.134338378906,16384,499.698364257812
531.134399414062,16384,499.698364257812
531.134399414062,16384,499.698364257812
531.134399414062,16384,499.698364257812
531.134399414062,16384,499.698364257812
531.134399414062,16384,499.698364257812
531.134399414062,16384,499.698364257812
531.134399414062,16384,499.698364257812
531.134399414062,16384,499.698364257812
531.134399414062,16384,499.698364257812
531.134399414062,16384,499.698364257812
531.134399414062,16384,499.698364257812
531.134460449219,16384,499.698364257812
531.134460449219,16384,499.698364257812
531.134460449219,16384,499.698364257812
531.134460449219,16384,499.698364257812
531.134460449219,16384,499.698364257812
531.134460449219,16384,499.698364257812
531.134460449219,16384,499.698364257812
531.134460449219,16384,499.698364257812
531.134460449219,16384,499.698364257812
531.134460449219,16384,499.698364257812
531.134460449219,16384,499.698364257812
531.134460449219,16384,499.698364257812
531.134460449219,16384,499.698364257812
531.134460449219,16384,499.698364257812
531.134460449219,16384,499.698364257812
531.134521484375,16384,499.698364257812
531.134521484375,16384,499.698364257812
531.134521484375,16384,499.698364257812
531.134521484375,16384,499.698364257812
531.134521484375,16384,499.698364257812
531.134521484375,16384,499.698364257812
531.134521484375,16384,499.698364257812
531.134521484375,16384,499.698364257812
531.134521484375,16384,499.698364257812
531.134521484375,16384,499.698364257812
531.134521484375,16384,499.698364257812
531.134521484375,16384,499.698364257812
531.134521484375,16384,499.698364257812
531.134582519531,16384,499.698364257812
531.134582519531,16384,499.698364257812
531.134582519531,16384,499.698364257812
531.134582519531,16384,499.698364257812
531.134582519531,16384,499.698364257812
531.134582519531,16384,499.698364257812
531.134582519531,16384,499.698364257812
531.134582519531,16384,499.698364257812
531.134643554688,16384,499.698364257812
531.134643554688,16384,499.698364257812
531.134643554688,16384,499.698364257812
531.134643554688,16384,499.698364257812
531.134643554688,16384,499.698364257812
531.134643554688,16384,499.698364257812
531.134704589844,16384,499.698364257812
531.134704589844,16384,499.698364257812
531.134704589844,16384,499.698364257812
531.134704589844,16384,499.698364257812
531.134643554688,16384,499.698364257812
531.134704589844,16384,499.698364257812
531.134643554688,16384,499.698364257812
531.134704589844,16384,499.698364257812
531.134704589844,16384,499.698364257812
531.134704589844,16384,499.698364257812
531.134704589844,16384,499.698364257812
531.134704589844,16384,499.698364257812
531.134704589844,16384,499.698364257812
531.134704589844,16384,499.698364257812
531.134704589844,16384,499.698364257812
531.134704589844,16384,499.698364257812
531.134765625,16384,499.698364257812
531.134765625,16384,499.698364257812
531.134765625,16384,499.698364257812
531.134765625,16384,499.698364257812
531.134704589844,16384,499.698364257812
531.134765625,16384,499.698364257812
531.134765625,16384,499.698364257812
531.134765625,16384,499.698364257812
531.134765625,16384,499.698364257812
531.134765625,16384,499.698364257812
531.134765625,16384,499.698364257812
531.134765625,16384,499.698364257812
531.134765625,16384,499.698364257812
531.134765625,16384,499.698364257812
531.134765625,16384,499.698364257812
531.134765625,16384,499.698364257812
531.134826660156,16384,499.698364257812
531.134826660156,16384,499.698364257812
531.134826660156,16384,499.698364257812
531.134826660156,16384,499.698364257812
531.134826660156,16384,499.698364257812
531.134826660156,16384,499.698364257812
531.134826660156,16384,499.698364257812
531.134826660156,16384,499.698364257812
531.134826660156,16384,499.698364257812
531.134826660156,16384,499.698364257812
531.134826660156,16384,499.698364257812
531.134887695312,16384,499.698364257812
531.134887695312,16384,499.698364257812
531.134887695312,16384,499.698364257812
531.134887695312,16384,499.698364257812
531.134887695312,16384,499.698364257812
531.134887695312,16384,499.698364257812
531.134887695312,16384,499.698364257812
531.134887695312,16384,499.698364257812
531.134887695312,16384,499.698364257812
531.134887695312,16384,499.698364257812
531.134887695312,16384,499.698364257812
531.134887695312,16384,499.698364257812
531.134887695312,16384,499.698364257812
531.134887695312,16384,499.698364257812
531.134887695312,16384,499.698364257812
531.134887695312,16384,499.698364257812
531.134887695312,16384,499.698364257812
531.134948730469,16384,499.698364257812
531.134948730469,16384,499.698364257812
531.134948730469,16384,499.698364257812
531.134948730469,16384,499.698364257812
531.134948730469,16384,499.698364257812
531.134948730469,16384,499.698364257812
531.134948730469,16384,499.698364257812
531.134948730469,16384,499.698364257812
531.134948730469,16384,499.698364257812
531.134948730469,16384,499.698364257812
531.134948730469,16384,499.698364257812
531.134948730469,16384,499.698364257812
531.135009765625,16384,499.698364257812
531.135009765625,16384,499.698364257812
531.135009765625,16384,499.698364257812
531.135009765625,16384,499.698364257812
531.135009765625,16384,499.698364257812
531.135009765625,16384,499.698364257812
531.135009765625,16384,499.698364257812
531.135009765625,16384,499.698364257812
531.135009765625,16384,499.698364257812
531.135070800781,16384,499.698364257812
531.135009765625,16384,499.698364257812
531.135070800781,16384,499.698364257812
531.135009765625,16384,499.698364257812
531.135070800781,16384,499.698364257812
531.135009765625,16384,499.698364257812
531.135070800781,16384,499.698364257812
531.135070800781,16384,499.698364257812
531.135070800781,16384,499.698364257812
531.135131835938,16384,499.698364257812
531.135131835938,16384,499.698364257812
531.135131835938,16384,499.698364257812
531.135131835938,16384,499.698364257812
531.135131835938,16384,499.698364257812
531.135131835938,16384,499.698364257812
531.135131835938,16384,499.698364257812
531.135131835938,16384,499.698364257812
531.135131835938,16384,499.698364257812
531.135131835938,16384,499.698364257812
531.135131835938,16384,499.698364257812
531.135131835938,16384,499.698364257812
531.135192871094,16384,499.698364257812
531.135192871094,16384,499.698364257812
531.135192871094,16384,499.698364257812
531.135192871094,16384,499.698364257812
531.135192871094,16384,499.698364257812
531.135192871094,16384,499.698364257812
531.135192871094,16384,499.698364257812
531.135192871094,16384,499.698364257812
531.135192871094,16384,499.698364257812
531.135192871094,16384,499.698364257812
531.135192871094,16384,499.698364257812
531.135192871094,16384,499.698364257812
531.135192871094,16384,499.698364257812
531.135192871094,16384,499.698364257812
531.135192871094,16384,499.698364257812
531.135192871094,16384,499.698364257812
531.135192871094,16384,499.698364257812
531.135192871094,16384,499.698364257812
531.135192871094,16384,499.698364257812
531.135192871094,16384,499.698364257812
531.13525390625,16384,499.698364257812
531.13525390625,16384,499.698364257812
531.13525390625,16384,499.698364257812
531.13525390625,16384,499.698364257812
531.13525390625,16384,499.698364257812
531.135314941406,16384,499.698364257812
531.135314941406,16384,499.698364257812
531.135314941406,16384,499.698364257812
531.13525390625,16384,499.698333740234
531.135314941406,16384,499.698333740234
531.135314941406,16384,499.698333740234
531.135314941406,16384,499.698333740234
531.135314941406,16384,499.698333740234
531.135314941406,16384,499.698333740234
531.135375976562,16384,499.698333740234
531.135375976562,16384,499.698333740234
531.135375976562,16384,499.698364257812
531.135375976562,16384,499.698364257812
531.135375976562,16384,499.698364257812
531.135375976562,16384,499.698364257812
531.135375976562,16384,499.698364257812
531.135437011719,16384,499.698364257812
531.135375976562,16384,499.698364257812
531.135437011719,16384,499.698364257812
531.135437011719,16384,499.698364257812
531.135437011719,16384,499.698364257812
531.135498046875,16384,499.698364257812
531.135498046875,16384,499.698364257812
531.135498046875,16384,499.698364257812
531.135498046875,16384,499.698364257812
531.135498046875,16384,499.698364257812
531.135498046875,16384,499.698364257812
531.135498046875,16384,499.698364257812
531.135498046875,16384,499.698333740234
531.135498046875,16384,499.698333740234
531.135498046875,16384,499.698333740234
531.135498046875,16384,499.698333740234
531.135498046875,16384,499.698333740234
531.135498046875,16384,499.698333740234
531.135498046875,16384,499.698333740234
531.135498046875,16384,499.698333740234
531.135498046875,16384,499.698333740234
531.135498046875,16384,499.698333740234
531.135498046875,16384,499.698333740234
531.135498046875,16384,499.698333740234
531.135498046875,16384,499.698333740234
531.135559082031,16384,499.698333740234
531.135559082031,16384,499.698333740234
531.135559082031,16384,499.698333740234
531.135559082031,16384,499.698333740234
531.135559082031,16384,499.698333740234
531.135559082031,16384,499.698333740234
531.135559082031,16384,499.698333740234
531.135620117188,16384,499.698333740234
531.135620117188,16384,499.698333740234
531.135620117188,16384,499.698333740234
531.135620117188,16384,499.698333740234
531.135620117188,16384,499.698333740234
531.135620117188,16384,499.698333740234
531.135620117188,16384,499.698333740234
531.135620117188,16384,499.698333740234
531.135620117188,16384,499.698333740234
531.135559082031,16384,499.698272705078
531.135620117188,16384,499.698272705078
531.135620117188,16384,499.698272705078
531.135620117188,16384,499.698272705078
531.135620117188,16384,499.698272705078
531.135620117188,16384,499.698272705078
531.135620117188,16384,499.698272705078
531.135620117188,16384,499.698272705078
531.135620117188,16384,499.698272705078
531.135620117188,16384,499.698272705078
531.135620117188,16384,499.698272705078
531.135620117188,16384,499.698272705078
531.135681152344,16384,499.698272705078
531.135681152344,16384,499.698272705078
531.135681152344,16384,499.698272705078
531.135681152344,16384,499.698272705078
531.135681152344,16384,499.698272705078
531.135681152344,16384,499.698272705078
531.135681152344,16384,499.698272705078
531.1357421875,16384,499.698333740234
531.1357421875,16384,499.698333740234
531.1357421875,16384,499.698333740234
531.1357421875,16384,499.698333740234
531.1357421875,16384,499.698333740234
531.1357421875,16384,499.698333740234
531.135803222656,16384,499.698364257812
531.135803222656,16384,499.698364257812
531.135803222656,16384,499.698364257812
531.135803222656,16384,499.698364257812
531.135803222656,16384,499.698364257812
531.135864257812,16384,499.698364257812
531.135864257812,16384,499.698364257812
531.135803222656,16384,499.698364257812
531.135803222656,16384,499.698364257812
531.135803222656,16384,499.698364257812
531.135864257812,16384,499.698364257812
531.135864257812,16384,499.698364257812
531.135864257812,16384,499.698364257812
