,P,V,T
0,0.292081743478775,1280.00012207031,0.885727615356445
1,0.251018345355988,1280.00012207031,0.8929357242584229
2,0.246355146169662,1280.00012207031,0.8930282306671139
3,0.277803063392639,1280.00012207031,0.886073977947235
4,0.32458502054214505,1280.00012207031,0.87639066696167
5,0.365171790122986,1280.00012207031,0.868304522037506
6,0.39163991808891296,1280.00012207031,0.863187820911407
7,0.40440633893013,1280.00012207031,0.860799582004547
8,0.40765741467475897,1280.00012207031,0.860305042266846
9,0.413698196411133,1280.00012207031,0.859134228229523
10,0.4292706251144411,1280.00012207031,0.8558382701873779
11,0.440872967243195,1280.00012207031,0.853297622203827
12,0.43399718403816206,1280.00012207031,0.8545548629760741
13,0.4124859571456911,1280.00012207031,0.8587284398078922
14,0.38966503739357,1280.00012207031,0.8630503726005551
15,0.376888453960419,1280.00012207031,0.865170271396637
16,0.373699098825455,1280.00012207031,0.865216882228851
17,0.36324813961982705,1280.00012207031,0.866876990795135
18,0.337918072938919,1280.00012207031,0.8718657803535458
19,0.31672605872154197,1280.00012207031,0.87609484910965
20,0.320126622915268,1280.00012207031,0.875203282833099
21,0.34404805302619895,1280.00012207031,0.8701924395561221
22,0.373659282922745,1280.00012207031,0.8642318558692929
23,0.39913120865821794,1280.00012207031,0.859226853847504
24,0.410892456769943,1280.00012207031,0.8571014714241031
25,0.40374872088432295,1280.00012207031,0.858875007629395
26,0.38581705093383795,1280.00012207031,0.8627254676818851
27,0.36681920289993303,1280.00012207031,0.866525859832764
28,0.34712886810302696,1280.00012207031,0.870293409824371
29,0.32517808675765997,1280.00012207031,0.8745150279998779
30,0.307034105062485,1280.00012207031,0.8780577492713929
31,0.300307333469391,1280.00012207031,0.879450352191925
32,0.30591270327568104,1280.00012207031,0.878735811710358
33,0.327399730682373,1280.00012207031,0.8752215218544009
34,0.37220427393913297,1280.00012207031,0.8671228599548341
35,0.43650054931640603,1280.00012207031,0.8549106431007389
36,0.49958717823028603,1280.00012207031,0.842637212276459
37,0.533535838127136,1280.00012207031,0.8360073280334469
38,0.524291932582855,1280.00012207031,0.8379328560829159
39,0.481596946716309,1280.00012207031,0.846428127288818
40,0.42757526040077204,1280.00012207031,0.857105464935303
41,0.385792523622513,1280.00012207031,0.8652918052673341
42,0.370388835668564,1280.00012207031,0.86820384979248
43,0.376384526491165,1280.00012207031,0.8670625996589659
44,0.391567975282669,1280.00012207031,0.8645352435111999
45,0.410508245229721,1280.00012207031,0.8616583657264709
46,0.43010488152503995,1280.00012207031,0.858936281204224
47,0.44279065728187605,1280.00012207031,0.8578476619720459
48,0.44047099351882896,1280.00012207031,0.859962017536163
49,0.42030268907546997,1280.00012207031,0.8658505988121029
50,0.389320015907288,1280.00012207031,0.8741481018066409
51,0.367977917194366,1280.00012207031,0.8808007550239559
52,0.382879465818405,1280.00012207031,0.880308122634888
53,0.44188851118087796,1280.00012207031,0.87090799331665
54,0.522015154361725,1280.00012207031,0.8571964812278751
55,0.585253894329071,1280.00012207031,0.846833736896515
56,0.611720860004425,1280.00012207031,0.8436011981964108
57,0.611854910850525,1280.00012207031,0.845001668930054
58,0.608115494251251,1280.00012207031,0.8462602806091309
59,0.6140804290771479,1280.00012207031,0.844668538570404
60,0.619210243225098,1280.00012207031,0.842816622257233
61,0.606730341911316,1280.00012207031,0.8446309876441959
62,0.5837019085884089,1280.00012207031,0.8486525726318359
63,0.565611720085144,1280.00012207031,0.8515544247627259
64,0.554994165897369,1280.00012207031,0.852887363433838
65,0.548273682594299,1280.00012207031,0.8534599852561949
66,0.5421348810195921,1280.00012207031,0.853950412273407
67,0.5293515324592589,1280.00012207031,0.8559606385231021
68,0.5081826448440551,1280.00012207031,0.859840304851532
69,0.487310796976089,1280.00012207031,0.863601417541504
70,0.470722168684006,1280.00012207031,0.866255493164062
71,0.456884354352951,1280.00012207031,0.868056507110596
72,0.439912617206573,1280.00012207031,0.870281727313995
73,0.4176926612854,1280.00012207031,0.873576135635376
74,0.39978057146072404,1280.00012207031,0.876079590320587
75,0.3979307115077971,1280.00012207031,0.8754377675056461
76,0.41324955224990795,1280.00012207031,0.871509940624237
77,0.43544173240661604,1280.00012207031,0.8664189887046809
78,0.45278963446617104,1280.00012207031,0.862557680606842
79,0.466702461242676,1280.00012207031,0.8594467949867249
80,0.488297611474991,1280.00012207031,0.8545133781433109
81,0.517292737960815,1280.00012207031,0.847757489681244
82,0.543557107448578,1280.00012207031,0.8412700009346009
83,0.553255319595337,1280.00012207031,0.8380210709571841
84,0.530237555503845,1280.00012207031,0.841644794940948
85,0.47024151682853704,1280.00012207031,0.853435666561127
86,0.405108124017715,1280.00012207031,0.866832287311554
87,0.37175512313842796,1280.00012207031,0.8741302800178531
88,0.3817628920078279,1280.00012207031,0.872980864048004
89,0.42712762951850897,1280.00012207031,0.864943714141846
90,0.489556640386581,1280.00012207031,0.853495032787323
91,0.545502483844757,1280.00012207031,0.843190402984619
92,0.5729413628578189,1280.00012207031,0.838472754955292
93,0.571364521980286,1280.00012207031,0.839287550449371
94,0.558648347854614,1280.00012207031,0.8417355132102969
95,0.541653752326965,1280.00012207031,0.8445651841163639
96,0.5148226618766779,1280.00012207031,0.8493559074401859
97,0.488132834434509,1280.00012207031,0.8541464519500729
98,0.47539842128753707,1280.00012207031,0.856007964611053
99,0.47342419624328597,1280.00012207031,0.8556824040412899
100,0.471356809139252,1280.00012207031,0.85542366027832
101,0.45728868246078497,1280.00012207031,0.8577019286155699
102,0.426320016384125,1280.00012207031,0.863657207489014
103,0.3953519463539121,1280.00012207031,0.8697531533241271
104,0.385494738817215,1280.00012207031,0.871572048664093
105,0.399992287158966,1280.00012207031,0.8684835743904109
106,0.42989456653595,1280.00012207031,0.862262518405914
107,0.460192948579788,1280.00012207031,0.855912358760834
108,0.47414597868919395,1280.00012207031,0.852982075214386
109,0.470054984092712,1280.00012207031,0.854012401103973
110,0.46675407886505105,1280.00012207031,0.855163009166718
111,0.48252642154693604,1280.00012207031,0.85266795873642
112,0.518083453178406,1280.00012207031,0.8463968348503109
113,0.5604475140571589,1280.00012207031,0.8388611388206478
114,0.5918835401535029,1280.00012207031,0.833465070724487
115,0.597400665283203,1280.00012207031,0.833122999668121
116,0.574708819389343,1280.00012207031,0.8382606220245358
117,0.535839140415192,1280.00012207031,0.8464954209327701
118,0.501165926456451,1280.00012207031,0.8537330937385559
119,0.487566858530045,1280.00012207031,0.8565990042686459
120,0.49873864650726296,1280.00012207031,0.854388506412506
121,0.527097582817078,1280.00012207031,0.848629744052887
122,0.558757424354553,1280.00012207031,0.8420663189888
123,0.577192664146423,1280.00012207031,0.8380544495582579
124,0.577959954738617,1280.00012207031,0.837474794387817
125,0.570536673069,1280.00012207031,0.8382813644409179
126,0.5598132610321039,1280.00012207031,0.839607388973236
127,0.540888011455536,1280.00012207031,0.842824728488922
128,0.516800165176392,1280.00012207031,0.847454936504364
129,0.499321758747101,1280.00012207031,0.8509590339660641
130,0.489293217658997,1280.00012207031,0.8531031918525699
131,0.479365766048431,1280.00012207031,0.8554379057884219
132,0.468910098075867,1280.00012207031,0.858071715831757
133,0.464541643857956,1280.00012207031,0.8596481990814209
134,0.46899321675300604,1280.00012207031,0.859693915843964
135,0.481460899114609,1280.00012207031,0.8584379863739009
136,0.497834384441376,1280.00012207031,0.8566291642189029
137,0.508522152900696,1280.00012207031,0.856163294315338
138,0.5077631473541261,1280.00012207031,0.8581016373634341
139,0.500553071498871,1280.00012207031,0.8612096619606021
140,0.495967745780945,1280.00012207031,0.8635136198997501
141,0.498806059360504,1280.00012207031,0.864043385982513
142,0.5054310560226439,1280.00012207031,0.8637095999717709
143,0.5091822147369379,1280.00012207031,0.8641011428833009
144,0.51708197593689,1280.00012207031,0.8636260342597958
145,0.5380544662475589,1280.00012207031,0.86012199640274
146,0.56380420923233,1280.00012207031,0.8551235508918759
147,0.577051937580109,1280.00012207031,0.8521120262145999
148,0.565274953842163,1280.00012207031,0.853696138858795
149,0.530524253845215,1280.00012207031,0.8596459937095641
150,0.49323454499244707,1280.00012207031,0.866018087863922
151,0.475659012794495,1280.00012207031,0.86860326051712
152,0.49021726846694896,1280.00012207031,0.8651453566551209
153,0.538891434669495,1280.00012207031,0.8551911425590519
154,0.604450821876526,1280.00012207031,0.8420274567604059
155,0.655510723590851,1280.00012207031,0.831879169940948
156,0.6702110171318051,1280.00012207031,0.8288750958442691
157,0.643915772438049,1280.00012207031,0.8337250065803531
158,0.590950012207031,1280.00012207031,0.8432810616493229
159,0.531347393989563,1280.00012207031,0.853397102355957
160,0.474687784910202,1280.00012207031,0.8623168778419491
161,0.418365687131882,1280.00012207031,0.871081025600433
162,0.36630907654762296,1280.00012207031,0.8793892574310299
163,0.338982880115509,1280.00012207031,0.883176953792572
164,0.34270560741424605,1280.00012207031,0.881314964294434
165,0.36400607228279097,1280.00012207031,0.8767900776863101
166,0.395115554332733,1280.00012207031,0.8711077880859379
167,0.43594458699226396,1280.00012207031,0.86399266242981
168,0.481315732002258,1280.00012207031,0.85630086183548
169,0.517368972301483,1280.00012207031,0.850801439285278
170,0.534578919410706,1280.00012207031,0.849377365112305
171,0.54282146692276,1280.00012207031,0.84966400384903
172,0.5507899522781371,1280.00012207031,0.8496639442443851
173,0.55371755361557,1280.00012207031,0.8503735375404359
174,0.548333764076233,1280.00012207031,0.8524844956398009
175,0.539255619049072,1280.00012207031,0.854999752044678
176,0.531375765800476,1280.00012207031,0.856980295181274
177,0.524500072002411,1280.00012207031,0.858648688793182
178,0.5187084674835211,1280.00012207031,0.8601460170745849
179,0.520035922527313,1280.00012207031,0.860213966369629
180,0.528864979743958,1280.00012207031,0.8587100815773009
181,0.535049319267273,1280.00012207031,0.857804448604584
182,0.53787362575531,1280.00012207031,0.857562453746796
183,0.5467196106910711,1280.00012207031,0.8558423829078671
184,0.563551425933838,1280.00012207031,0.852190704345703
185,0.5772057771682739,1280.00012207031,0.8490244460105899
186,0.574063837528229,1280.00012207031,0.849414558410645
187,0.556752443313599,1280.00012207031,0.8529979300498959
188,0.5443348884582521,1280.00012207031,0.8558905434608459
189,0.555554926395416,1280.00012207031,0.854226739406586
190,0.593556821346283,1280.00012207031,0.8473730397224429
191,0.646436870098114,1280.00012207031,0.837635011672974
192,0.692103147506714,1280.00012207031,0.8293189716339108
193,0.706148386001587,1280.00012207031,0.8274039340019229
194,0.691915452480316,1280.00012207031,0.830876381397247
195,0.6706605553627011,1280.00012207031,0.8350121092796329
196,0.6447547674179079,1280.00012207031,0.8395028424263
197,0.608583569526672,1280.00012207031,0.8458700489997859
198,0.5702442526817321,1280.00012207031,0.852708489894867
199,0.542985320091248,1280.00012207031,0.857500524520874
200,0.539512276649475,1280.00012207031,0.8577878189086909
201,0.563174545764923,1280.00012207031,0.8528444480895999
202,0.603433132171631,1280.00012207031,0.844729692935944
203,0.643501281738281,1280.00012207031,0.8366691780090328
204,0.6641398668289179,1280.00012207031,0.8323881340026859
205,0.652464270591736,1280.00012207031,0.8343901944160458
206,0.6129385232925421,1280.00012207031,0.841704280376434
207,0.5628159046173101,1280.00012207031,0.8508369636535641
208,0.519085466861725,1280.00012207031,0.8585394930839542
209,0.492280840873718,1280.00012207031,0.862905414104462
210,0.48403137922287004,1280.00012207031,0.8637233090400699
211,0.48828744888305703,1280.00012207031,0.862225563526154
212,0.495740234851837,1280.00012207031,0.86019638299942
213,0.499877870082855,1280.00012207031,0.858770818710327
214,0.499036490917206,1280.00012207031,0.8579806399345401
215,0.48828589916229204,1280.00012207031,0.8586559009551998
216,0.45879545807838396,1280.00012207031,0.862620146274567
217,0.407608360052109,1280.00012207031,0.870656700134277
218,0.346685260534286,1280.00012207031,0.880499334335327
219,0.296280205249786,1280.00012207031,0.888201863765717
220,0.268962264060974,1280.00012207031,0.891502530574799
221,0.265564054250717,1280.00012207031,0.8904893708229059
222,0.28165367245674106,1280.00012207031,0.8862241816520691
223,0.313597917556763,1280.00012207031,0.8793535542488101
224,0.358233362436295,1280.00012207031,0.870330245494843
225,0.4020670652389529,1280.00012207031,0.861832590103149
226,0.42578515410423295,1280.00012207031,0.8580097270011898
227,0.426262140274048,1280.00012207031,0.859581978321075
228,0.419921666383743,1280.00012207031,0.8631809067726139
229,0.42674878239631703,1280.00012207031,0.864630372524261
230,0.45949086546897905,1280.00012207031,0.8611756873130799
231,0.516957759857178,1280.00012207031,0.852807970046997
232,0.583972632884979,1280.00012207031,0.84231183052063
233,0.6401803493499761,1280.00012207031,0.833526046276093
234,0.671656429767609,1280.00012207031,0.8290174317359921
235,0.675246238708496,1280.00012207031,0.82923570394516
236,0.6510401964187621,1280.00012207031,0.8343110394477841
237,0.605966150760651,1280.00012207031,0.843223721981049
238,0.5662394762039179,1280.00012207031,0.8508944225311279
239,0.5616573691368101,1280.00012207031,0.851224930286407
240,0.595451354980469,1280.00012207031,0.843618125915527
241,0.6424564719200129,1280.00012207031,0.8332250428199771
242,0.6769348382949829,1280.00012207031,0.825110883712769
243,0.6837104558944699,1280.00012207031,0.8221268367767329
244,0.651011049747467,1280.00012207031,0.8269454550743099
245,0.590945839881897,1280.00012207031,0.8373453330993649
246,0.5301021337509161,1280.00012207031,0.84812215089798
247,0.481988131999969,1280.00012207031,0.857018263339996
248,0.45765677094459495,1280.00012207031,0.8620627236366271
249,0.46755647659301797,1280.00012207031,0.86107471704483
250,0.510081768035889,1280.00012207031,0.8541106295585629
251,0.57053416967392,1280.00012207031,0.843843610286713
252,0.630234599113464,1280.00012207031,0.83359429359436
253,0.6723709106445309,1280.00012207031,0.826341302394867
254,0.68231987953186,1280.00012207031,0.824746758937836
255,0.651926517486572,1280.00012207031,0.8304977130889889
256,0.5919261574745179,1280.00012207031,0.841584594249725
257,0.529256224632263,1280.00012207031,0.852755815982819
258,0.487495183944702,1280.00012207031,0.859557540416718
259,0.47577714920043895,1280.00012207031,0.8604971480369571
260,0.491310834884644,1280.00012207031,0.85630884885788
261,0.5245127677917479,1280.00012207031,0.8488456916809078
262,0.560845613479614,1280.00012207031,0.840876491069794
263,0.586983382701874,1280.00012207031,0.834923059940338
264,0.5961854457855219,1280.00012207031,0.8321671795845028
265,0.586549639701843,1280.00012207031,0.8328904223442081
266,0.5553815960884089,1280.00012207031,0.837753267288208
267,0.5000540614128111,1280.00012207031,0.8476774406433109
268,0.43082177639007596,1280.00012207031,0.860958487987518
269,0.37320989370346097,1280.00012207031,0.872568101882935
270,0.35194587707519503,1280.00012207031,0.87752512216568
271,0.3768109977245329,1280.00012207031,0.873777539730072
272,0.43825700879097,1280.00012207031,0.8630571675300601
273,0.514098763465881,1280.00012207031,0.849567384719849
274,0.579115092754364,1280.00012207031,0.83803787946701
275,0.6101224422454828,1280.00012207031,0.83296945810318
276,0.596877634525299,1280.00012207031,0.8365311932563778
277,0.551831245422363,1280.00012207031,0.8463993382453922
278,0.5066692829132079,1280.00012207031,0.856305868625641
279,0.492465734481812,1280.00012207031,0.8599400234222409
280,0.518259644508362,1280.00012207031,0.855367572307587
281,0.563816428184509,1280.00012207031,0.8466023516654971
282,0.592057228088379,1280.00012207031,0.841226966381073
283,0.5819084644317629,1280.00012207031,0.843495519161224
284,0.5444459319114691,1280.00012207031,0.850931198596954
285,0.505107343196869,1280.00012207031,0.85828045129776
286,0.487871885299683,1280.00012207031,0.860652477741241
287,0.502190589904785,1280.00012207031,0.856023104190826
288,0.53021252155304,1280.00012207031,0.848108263015747
289,0.535849094390869,1280.00012207031,0.8445405673980709
290,0.49901869893073997,1280.00012207031,0.849627227783203
291,0.433220684528351,1280.00012207031,0.8605331492424008
292,0.362531006336212,1280.00012207031,0.87239405632019
293,0.302183568477631,1280.00012207031,0.8824076366424559
294,0.260749250650406,1280.00012207031,0.889227838516235
295,0.244088679552078,1280.00012207031,0.891925246715546
296,0.25365364551544195,1280.00012207031,0.890364618301392
297,0.28704735636711104,1280.00012207031,0.885021240711212
298,0.34179005026817305,1280.00012207031,0.876111061573029
299,0.40986156463622997,1280.00012207031,0.864857466220856
300,0.4715278148651121,1280.00012207031,0.8550867748260501
301,0.509853541851044,1280.00012207031,0.8501192641258241
302,0.526721894741058,1280.00012207031,0.8492632222175601
303,0.53259539604187,1280.00012207031,0.850198419094086
304,0.5345370173454279,1280.00012207031,0.851470501422882
305,0.539184033870697,1280.00012207031,0.8516828727722171
306,0.5495131015777589,1280.00012207031,0.8501563382148739
307,0.55674684047699,1280.00012207031,0.848714799880981
308,0.549738705158234,1280.00012207031,0.8497534108161929
309,0.52743661403656,1280.00012207031,0.853536159992218
310,0.49760115146637,1280.00012207031,0.8585343074798579
311,0.467804431915283,1280.00012207031,0.8633942914009091
312,0.44325995445251504,1280.00012207031,0.867323191165924
313,0.432205200195312,1280.00012207031,0.868830473423004
314,0.441539853811264,1280.00012207031,0.866603167057037
315,0.466892957687378,1280.00012207031,0.8616224837303158
316,0.49629044532775896,1280.00012207031,0.856368751525879
317,0.5198810100555421,1280.00012207031,0.852668912410736
318,0.534403741359711,1280.00012207031,0.8508805346488949
319,0.542201042175293,1280.00012207031,0.8501551461219791
320,0.54724645614624,1280.00012207031,0.8493817162513729
321,0.547503113746643,1280.00012207031,0.848825187683105
322,0.531038522720337,1280.00012207031,0.8510157775878909
323,0.488635510206223,1280.00012207031,0.857991726398468
324,0.42790517210960405,1280.00012207031,0.868301064968109
325,0.3639074862003329,1280.00012207031,0.879044325351715
326,0.307980626821518,1280.00012207031,0.888244123458862
327,0.268010884523392,1280.00012207031,0.8946134161949159
328,0.25014349818229703,1280.00012207031,0.8971223545074459
329,0.25951412320136996,1280.00012207031,0.894788415431976
330,0.296551585197449,1280.00012207031,0.887322933673859
331,0.349683910608292,1280.00012207031,0.876852304935455
332,0.39737877249717696,1280.00012207031,0.8676253867149349
333,0.42379400134086603,1280.00012207031,0.862755746841431
334,0.431446045637131,1280.00012207031,0.86157372713089
335,0.43019923567771895,1280.00012207031,0.8619768333435059
336,0.42346534132957503,1280.00012207031,0.863371999263763
337,0.4136635661125179,1280.00012207031,0.8653208327293399
338,0.404416769742966,1280.00012207031,0.867018015384674
339,0.395934045314789,1280.00012207031,0.8683911871910099
340,0.383991688489914,1280.00012207031,0.870301158428192
341,0.366014391183853,1280.00012207031,0.873307855129242
342,0.342576771974564,1280.00012207031,0.8773989987373348
343,0.318717122077942,1280.00012207031,0.8817155671119691
344,0.308770686388016,1280.00012207031,0.8832526516914371
345,0.318051666021347,1280.00012207031,0.8808052849769591
346,0.33148786425590504,1280.00012207031,0.877536327838898
347,0.330462038516998,1280.00012207031,0.877317578792572
348,0.30930095911026,1280.00012207031,0.881245048046112
349,0.274812579154968,1280.00012207031,0.887869985103607
350,0.241654306650162,1280.00012207031,0.894248993396759
351,0.223647475242615,1280.00012207031,0.8976048541069029
352,0.222529411315918,1280.00012207031,0.8978184771537779
353,0.233851552009583,1280.00012207031,0.896024854183197
354,0.25789943337440496,1280.00012207031,0.89222934961319
355,0.29709988832473805,1280.00012207031,0.885859997272491
356,0.350704312324524,1280.00012207031,0.87690666437149
357,0.409085750579834,1280.00012207031,0.867141933441162
358,0.45783117413520796,1280.00012207031,0.859392852783203
359,0.48791462182998707,1280.00012207031,0.855459125041962
360,0.502255856990814,1280.00012207031,0.8547915530204769
361,0.514957427978516,1280.00012207031,0.8545462203025821
362,0.5432898998260499,1280.00012207031,0.8511337351799008
363,0.5902038812637329,1280.00012207031,0.843875439167023
364,0.643613040447235,1280.00012207031,0.8351105761528019
365,0.688241899013519,1280.00012207031,0.8276965928077701
366,0.711508393287659,1280.00012207031,0.8238994789123539
367,0.700465857982635,1280.00012207031,0.826301486492157
368,0.6498337388038641,1280.00012207031,0.8361405444145199
369,0.581114649772644,1280.00012207031,0.8490543675422672
370,0.527104318141937,1280.00012207031,0.8582770538330079
371,0.506086885929108,1280.00012207031,0.860158832073212
372,0.513382315635681,1280.00012207031,0.8557974410057071
373,0.524869203567505,1280.00012207031,0.850327522754669
374,0.516420960426331,1280.00012207031,0.84888103723526
375,0.47925865650177,1280.00012207031,0.8534736943244929
376,0.42482733726501504,1280.00012207031,0.862046928405762
377,0.382084339857101,1280.00012207031,0.868763179779053
378,0.37302508950233504,1280.00012207031,0.869194300174713
379,0.393966346979141,1280.00012207031,0.8642133784294129
380,0.42506071925163297,1280.00012207031,0.857944638729095
381,0.448789238929749,1280.00012207031,0.8538936686515809
382,0.465794831514359,1280.00012207031,0.851552875041962
383,0.48753285408020003,1280.00012207031,0.848045082092285
384,0.512069225311279,1280.00012207031,0.8434054565429691
385,0.5208923816680909,1280.00012207031,0.841424913406372
386,0.50359845161438,1280.00012207031,0.8442524981498721
387,0.46787345409393294,1280.00012207031,0.8503613781929019
388,0.42641210556030296,1280.00012207031,0.857456834316254
389,0.39407297968864397,1280.00012207031,0.8628313255310059
390,0.385746449232101,1280.00012207031,0.863572807312012
391,0.4036844968795779,1280.00012207031,0.859257669448853
392,0.43409174680709794,1280.00012207031,0.8527297687530521
393,0.4555642604827879,1280.00012207031,0.8483957362174991
394,0.458538085222244,1280.00012207031,0.8481940340995792
395,0.456822156906128,1280.00012207031,0.8490493011474609
396,0.46782669425010703,1280.00012207031,0.847157628536224
397,0.491553366184235,1280.00012207031,0.842502148151398
398,0.511550903320312,1280.00012207031,0.838481934070587
399,0.509410858154297,1280.00012207031,0.838834257125854
400,0.476974129676819,1280.00012207031,0.845115811824799
401,0.41811153292655895,1280.00012207031,0.856531829833984
402,0.34734302759170504,1280.00012207031,0.8703103375434879
403,0.289056748151779,1280.00012207031,0.881696434020996
404,0.261811643838882,1280.00012207031,0.887122662067413
405,0.26484841108322105,1280.00012207031,0.8869869422912601
406,0.28615590929984996,1280.00012207031,0.8837854576110841
407,0.31470951437950107,1280.00012207031,0.879567832946777
408,0.349778383970261,1280.00012207031,0.8740293097496029
409,0.39155331254005393,1280.00012207031,0.866699130535126
410,0.42329159379005393,1280.00012207031,0.8610377621650699
411,0.42981719970703103,1280.00012207031,0.8603506398200992
412,0.412314772605896,1280.00012207031,0.864633829593658
413,0.38822710514068604,1280.00012207031,0.870387525558472
414,0.379956007003784,1280.00012207031,0.8729188156127929
415,0.39502325654029796,1280.00012207031,0.8706051421165469
416,0.42273646593093894,1280.00012207031,0.8656223130226139
417,0.447488367557526,1280.00012207031,0.861139984130859
418,0.45947009325027505,1280.00012207031,0.8591324400901791
419,0.45659264922142,1280.00012207031,0.860088379383087
420,0.44884973764419606,1280.00012207031,0.861928136348724
421,0.4536405205726621,1280.00012207031,0.860881836414337
422,0.470898389816284,1280.00012207031,0.856859953403473
423,0.480684816837311,1280.00012207031,0.854126484394073
424,0.47187501192092896,1280.00012207031,0.85506031036377
425,0.45311763882637,1280.00012207031,0.8578591656684879
426,0.435295522212982,1280.00012207031,0.8604226422309879
427,0.42455413937568703,1280.00012207031,0.8616387557983399
428,0.42093595862388594,1280.00012207031,0.8615455937385559
429,0.41571378707885703,1280.00012207031,0.862065346240997
430,0.41167140007019,1280.00012207031,0.862515122890472
431,0.4226178824901579,1280.00012207031,0.8596641135215759
432,0.441202580928802,1280.00012207031,0.8549053978919979
433,0.435596317052841,1280.00012207031,0.8552779269218441
434,0.40028935670852706,1280.00012207031,0.862218768596649
435,0.364591717720032,1280.00012207031,0.8696831774711609
436,0.34900388121604903,1280.00012207031,0.873618395328522
437,0.358814090490341,1280.00012207031,0.873024137020111
438,0.388535410165787,1280.00012207031,0.86888596534729
439,0.425172030925751,1280.00012207031,0.8636355710029598
440,0.457764148712158,1280.00012207031,0.859226138591766
441,0.47864893078804,1280.00012207031,0.8570394825935359
442,0.48265993595123297,1280.00012207031,0.8581133198738101
443,0.47573459148407,1280.00012207031,0.861202211380005
444,0.47035139799118,1280.00012207031,0.863707931041718
445,0.474995374679565,1280.00012207031,0.863887341022491
446,0.483552902936935,1280.00012207031,0.8631961059570309
447,0.480591505765915,1280.00012207031,0.8652365517616271
448,0.475310623645782,1280.00012207031,0.8682234001159671
449,0.490992873907089,1280.00012207031,0.8672633481025699
450,0.537679553031921,1280.00012207031,0.860256881713867
451,0.6086713671684271,1280.00012207031,0.848504574298859
452,0.6866261959075931,1280.00012207031,0.83539101600647
453,0.755543410778046,1280.00012207031,0.823886783123016
454,0.8060201406478879,1280.00012207031,0.8155417156219479
455,0.831513524055481,1280.00012207031,0.8114039611816409
456,0.824023008346558,1280.00012207031,0.8130942893028259
457,0.782502174377441,1280.00012207031,0.821036548614502
458,0.72083991765976,1280.00012207031,0.832611532211304
459,0.662023723125458,1280.00012207031,0.843328864574432
460,0.624553382396698,1280.00012207031,0.849658758640289
461,0.6148250699043271,1280.00012207031,0.850513250827789
462,0.629446983337402,1280.00012207031,0.8466977787017819
463,0.6586105823516851,1280.00012207031,0.8401695799827579
464,0.6890224814414979,1280.00012207031,0.8334967207908629
465,0.7065779566764828,1280.00012207031,0.8293733310699459
466,0.700944840908051,1280.00012207031,0.829706699848175
467,0.6705188155174261,1280.00012207031,0.834654362201691
468,0.616321921348572,1280.00012207031,0.844095857143402
469,0.546594738960266,1280.00012207031,0.856609971523285
470,0.487171530723572,1280.00012207031,0.866975755691528
471,0.461199432611465,1280.00012207031,0.8704526734352108
472,0.462799847126007,1280.00012207031,0.8684491229057308
473,0.466166704893112,1280.00012207031,0.866528720855713
474,0.46071586012840293,1280.00012207031,0.866769940853119
475,0.45503649115562395,1280.00012207031,0.867106230258942
476,0.453480064868927,1280.00012207031,0.866540462970734
477,0.44997382164001504,1280.00012207031,0.866484792232513
478,0.441657036542892,1280.00012207031,0.867649347782135
479,0.4344641268253329,1280.00012207031,0.8689708423614498
480,0.43811383843421897,1280.00012207031,0.868537933826447
481,0.458797693252563,1280.00012207031,0.8650846791267399
482,0.497302740812302,1280.00012207031,0.8582712721824649
483,0.5406025648117071,1280.00012207031,0.850559623241425
484,0.570410966873169,1280.00012207031,0.8455839467048649
485,0.584186255931854,1280.00012207031,0.843573064804077
486,0.589670658111572,1280.00012207031,0.8426947903633121
487,0.5880826115608221,1280.00012207031,0.842762203216553
488,0.57793915271759,1280.00012207031,0.844245941638947
489,0.56207811832428,1280.00012207031,0.8466798377037049
490,0.542064011096954,1280.00012207031,0.849841327667236
491,0.5200008153915411,1280.00012207031,0.8534605216979979
492,0.503776550292969,1280.00012207031,0.855942876338959
493,0.499442309141159,1280.00012207031,0.8560909342765809
494,0.5072537660598749,1280.00012207031,0.8538384747505191
495,0.518056392669678,1280.00012207031,0.851040513515472
496,0.5139126777648929,1280.00012207031,0.8515360069274899
497,0.48821854591369607,1280.00012207031,0.8567190480232242
498,0.4541353583335879,1280.00012207031,0.8637876224517819
499,0.4294871985912321,1280.00012207031,0.868927271366119
500,0.42295241355896,1280.00012207031,0.870216519832611
501,0.426488518714905,1280.00012207031,0.8692509245872501
502,0.423195570707321,1280.00012207031,0.869505436420441
503,0.404456377029419,1280.00012207031,0.8727612209320071
504,0.37475609779357894,1280.00012207031,0.878188343048096
505,0.35189148783683794,1280.00012207031,0.8822347831726071
506,0.35396227240562395,1280.00012207031,0.881270081996918
507,0.38109678030014,1280.00012207031,0.8753387641906741
508,0.413504749536514,1280.00012207031,0.868599088191986
509,0.429959863424301,1280.00012207031,0.865414292812347
510,0.42549008131027205,1280.00012207031,0.866583795547485
511,0.40356078743934604,1280.00012207031,0.8712697339057919
512,0.368276387453079,1280.00012207031,0.878755123615265
513,0.33092901110649103,1280.00012207031,0.8869217944145199
514,0.31144401431083696,1280.00012207031,0.8917141270637509
515,0.32246884703636197,1280.00012207031,0.8905951094627379
516,0.359552592039108,1280.00012207031,0.884524495601654
517,0.408831655979156,1280.00012207031,0.876248569488525
518,0.461517781019211,1280.00012207031,0.867235929965973
519,0.510373473167419,1280.00012207031,0.858645946979523
520,0.543277978897095,1280.00012207031,0.8528848004341129
521,0.554508566856384,1280.00012207031,0.851146728992462
522,0.551700830459595,1280.00012207031,0.85179874420166
523,0.5437026619911189,1280.00012207031,0.852923781871796
524,0.526360750198364,1280.00012207031,0.85555234670639
525,0.49620643258094804,1280.00012207031,0.860630483627319
526,0.46692371368408203,1280.00012207031,0.8654200148582459
527,0.452178865671158,1280.00012207031,0.867259652614594
528,0.45156717300415,1280.00012207031,0.8664974880218509
529,0.458565264940262,1280.00012207031,0.8646237564086909
530,0.470298320055008,1280.00012207031,0.8622225832939151
531,0.490575313568115,1280.00012207031,0.858336002826691
532,0.517107367515564,1280.00012207031,0.853345663547516
533,0.540129363536835,1280.00012207031,0.849263460636139
534,0.5544288754463199,1280.00012207031,0.84703663110733
535,0.558440983295441,1280.00012207031,0.8469223690032959
536,0.5542311668395999,1280.00012207031,0.84848287820816
537,0.5441502332687379,1280.00012207031,0.851353080272675
538,0.530919790267944,1280.00012207031,0.8551060271263119
539,0.523569941520691,1280.00012207031,0.8578087401390079
540,0.5318835973739621,1280.00012207031,0.8571691226959229
541,0.550311982631683,1280.00012207031,0.8540820193290709
542,0.560292720794678,1280.00012207031,0.85222599029541
543,0.551210820674896,1280.00012207031,0.853576154708862
544,0.522465586662292,1280.00012207031,0.858110876083374
545,0.47458934783935497,1280.00012207031,0.865892858505249
546,0.415236562490463,1280.00012207031,0.8756479334831241
547,0.359926372766495,1280.00012207031,0.884423763751984
548,0.32267549633979803,1280.00012207031,0.8896169972419742
549,0.30895087122917203,1280.00012207031,0.8903834533691409
550,0.317141503095627,1280.00012207031,0.8872764420509341
551,0.342818170785904,1280.00012207031,0.881296546459198
552,0.38059550523757896,1280.00012207031,0.8734753441810609
553,0.42493161559104903,1280.00012207031,0.8647852253913879
554,0.467136383056641,1280.00012207031,0.8567945075035099
555,0.496825724840164,1280.00012207031,0.8514597725868229
556,0.508186638355255,1280.00012207031,0.849798710346222
557,0.49813634157180803,1280.00012207031,0.852400512695312
558,0.47137567400932295,1280.00012207031,0.858292491436005
559,0.444602280855179,1280.00012207031,0.8639408659935001
560,0.43222203850746205,1280.00012207031,0.8663148593902591
561,0.43719407916069003,1280.00012207031,0.8648509097099301
562,0.454592198133469,1280.00012207031,0.860614986419678
563,0.472338259220123,1280.00012207031,0.8562228393554691
564,0.480688124895096,1280.00012207031,0.8538613629341129
565,0.48491930961608903,1280.00012207031,0.8524035525321959
566,0.49491459131240795,1280.00012207031,0.8497297477722171
567,0.511850595474243,1280.00012207031,0.8455845427513119
568,0.524821043014526,1280.00012207031,0.842337102890015
569,0.5206003189086911,1280.00012207031,0.842868716716766
570,0.501876831054688,1280.00012207031,0.846692235469818
571,0.48548752069473294,1280.00012207031,0.850339622497559
572,0.487196087837219,1280.00012207031,0.8505115818977359
573,0.5100442171096801,1280.00012207031,0.846542150974274
574,0.539853394031525,1280.00012207031,0.8412806701660159
575,0.5547338128089899,1280.00012207031,0.8392052960395809
576,0.542233228683472,1280.00012207031,0.842853755950928
577,0.5111680030822751,1280.00012207031,0.8503089261054989
578,0.483801543712616,1280.00012207031,0.856839866638184
579,0.475109577178955,1280.00012207031,0.859331579208374
580,0.48319137096405,1280.00012207031,0.8581875872611999
581,0.49678909778595,1280.00012207031,0.8557657909393309
582,0.507848024368286,1280.00012207031,0.8536185336112979
583,0.514091491699219,1280.00012207031,0.8520858597755429
584,0.505933701992035,1280.00012207031,0.8532972645759579
585,0.474001467227936,1280.00012207031,0.8596401524543759
586,0.43787479400634793,1280.00012207031,0.867177278995514
587,0.426301002502441,1280.00012207031,0.869894297122955
588,0.44168165326118497,1280.00012207031,0.867424697875977
589,0.46996599435806297,1280.00012207031,0.862698287963867
590,0.49977493286132796,1280.00012207031,0.8577566456794742
591,0.519502282142639,1280.00012207031,0.8547084045410159
592,0.519848644733429,1280.00012207031,0.855393142700195
593,0.504615545272827,1280.00012207031,0.8589002203941349
594,0.4872429370880129,1280.00012207031,0.8623503756523129
595,0.47826337814331105,1280.00012207031,0.863604815006256
596,0.47997045516967796,1280.00012207031,0.862344951629639
597,0.489224314689636,1280.00012207031,0.8594385695457459
598,0.502888202667236,1280.00012207031,0.855721743106842
599,0.520581245422363,1280.00012207031,0.85140469789505
600,0.542754650115967,1280.00012207031,0.8465498995780941
601,0.568545937538147,1280.00012207031,0.841376752853394
602,0.592011094093323,1280.00012207031,0.837118418216705
603,0.606645941734314,1280.00012207031,0.834984810352325
604,0.6141517162323,1280.00012207031,0.834274263381958
605,0.618245601654053,1280.00012207031,0.83380809545517
606,0.611858904361725,1280.00012207031,0.834928483963013
607,0.585849940776825,1280.00012207031,0.8397122931480409
608,0.550828218460083,1280.00012207031,0.8461304020881649
609,0.532597899436951,1280.00012207031,0.848874480724335
610,0.538029968738556,1280.00012207031,0.8467361640930179
611,0.556725800037384,1280.00012207031,0.842049748897552
612,0.577566146850586,1280.00012207031,0.8370020103454591
613,0.584376037120819,1280.00012207031,0.8349196624755859
614,0.572212338447571,1280.00012207031,0.836719901561737
615,0.55363142490387,1280.00012207031,0.8394575428962711
616,0.533952713012695,1280.00012207031,0.841822595596313
617,0.503320336341858,1280.00012207031,0.8459757876396179
618,0.455649822950363,1280.00012207031,0.8533925724029541
619,0.404065817594528,1280.00012207031,0.861521036624908
620,0.36723232269287104,1280.00012207031,0.8666937661170959
621,0.34988501667976396,1280.00012207031,0.868305416107178
622,0.345283895730972,1280.00012207031,0.868099720478058
623,0.35079550743103005,1280.00012207031,0.8666941237449649
624,0.37032356858253496,1280.00012207031,0.8630702209472659
625,0.401578515768051,1280.00012207031,0.8575124454498291
626,0.433050662279129,1280.00012207031,0.8523155760765079
627,0.459315955638885,1280.00012207031,0.8484291744232181
628,0.483611017465591,1280.00012207031,0.844944269657135
629,0.505437731742859,1280.00012207031,0.841795117855072
630,0.517297506332397,1280.00012207031,0.8405210685729979
631,0.511210918426514,1280.00012207031,0.8429152679443359
632,0.493833839893341,1280.00012207031,0.84764984369278
633,0.481230348348618,1280.00012207031,0.8513626766204829
634,0.481930404901505,1280.00012207031,0.8523460936546329
635,0.49412912130355796,1280.00012207031,0.85103049993515
636,0.5015520453453061,1280.00012207031,0.8509486031532291
637,0.49085271358490007,1280.00012207031,0.855071218013763
638,0.480298459529877,1280.00012207031,0.8594109725952149
639,0.49072301387786893,1280.00012207031,0.859457404613495
640,0.524278044700623,1280.00012207031,0.854717404842377
641,0.5674691796302801,1280.00012207031,0.8478617978096009
642,0.60121488571167,1280.00012207031,0.84261551618576
643,0.611365497112274,1280.00012207031,0.841632099151611
644,0.595478057861328,1280.00012207031,0.84516051530838
645,0.558649301528931,1280.00012207031,0.852040500640869
646,0.5073848366737371,1280.00012207031,0.861096413135529
647,0.450100123882294,1280.00012207031,0.870981366634369
648,0.40238803625106795,1280.00012207031,0.8788322520256039
649,0.381453990936279,1280.00012207031,0.8813425612449649
650,0.39306768774986295,1280.00012207031,0.877491743564606
651,0.430610716342926,1280.00012207031,0.8686630439758299
652,0.48040124773979204,1280.00012207031,0.857518644332886
653,0.525664746761322,1280.00012207031,0.847250254154205
654,0.549750447273254,1280.00012207031,0.841198952198029
655,0.546345949172974,1280.00012207031,0.8406126213073729
656,0.5238026976585389,1280.00012207031,0.843735010623932
657,0.488686829805374,1280.00012207031,0.8494057965278629
658,0.44517320394515997,1280.00012207031,0.8571226310729979
659,0.40476331114769,1280.00012207031,0.8646769237518309
660,0.380878806114197,1280.00012207031,0.86942193031311
661,0.379161685705185,1280.00012207031,0.8702372622489929
662,0.39892703294754,1280.00012207031,0.867209584712982
663,0.434027850627899,1280.00012207031,0.8614248347282409
664,0.476286321878433,1280.00012207031,0.854363949298859
665,0.519248366355896,1280.00012207031,0.847104818820953
666,0.552021503448486,1280.00012207031,0.841798813343048
667,0.5644844174385071,1280.00012207031,0.840615184307098
668,0.561429262161255,1280.00012207031,0.842530162334442
669,0.555522322654724,1280.00012207031,0.8448507499694821
670,0.555615186691284,1280.00012207031,0.8456816983222958
671,0.559191107749939,1280.00012207031,0.845580251216888
672,0.5523000955581671,1280.00012207031,0.84764698266983
673,0.535677433013916,1280.00012207031,0.851769418716431
674,0.529219746589661,1280.00012207031,0.8535821747779849
675,0.539165019989014,1280.00012207031,0.8516450238227841
676,0.551729083061218,1280.00012207031,0.8488195252418521
677,0.5494097471237179,1280.00012207031,0.848690004348755
678,0.52558434009552,1280.00012207031,0.852585108280182
679,0.485256880521774,1280.00012207031,0.8595518779754642
680,0.443650096654892,1280.00012207031,0.866649301052094
681,0.425491333007812,1280.00012207031,0.868784339427948
682,0.438116043806076,1280.00012207031,0.8645031166076659
683,0.45846897363662703,1280.00012207031,0.858831853866577
684,0.45974084734916704,1280.00012207031,0.85754677772522
685,0.44383794069290206,1280.00012207031,0.8601860117912289
686,0.432792127132416,1280.00012207031,0.861936302185059
687,0.437870562076569,1280.00012207031,0.860340864658356
688,0.453108578920364,1280.00012207031,0.856593043804169
689,0.468011021614075,1280.00012207031,0.852759511470795
690,0.475012838840485,1280.00012207031,0.8502845478057858
691,0.465563118457794,1280.00012207031,0.8509823989868159
692,0.43062761425972,1280.00012207031,0.857092292308807
693,0.382902801036835,1280.00012207031,0.8662890505790709
694,0.35389101505279497,1280.00012207031,0.872104914188385
695,0.35962557792663596,1280.00012207031,0.871289522647858
696,0.38970986008644104,1280.00012207031,0.866046698093414
697,0.426531672477722,1280.00012207031,0.8598847699165341
698,0.458441019058228,1280.00012207031,0.8549750161170959
699,0.482546776533127,1280.00012207031,0.851738185882568
700,0.506708979606628,1280.00012207031,0.8483748149871829
701,0.539126038551331,1280.00012207031,0.8429705810546879
702,0.571340978145599,1280.00012207031,0.8371715259551998
703,0.584236204624176,1280.00012207031,0.8349569153785709
704,0.565801382064819,1280.00012207031,0.838951380252838
705,0.529693067073822,1280.00012207031,0.846378059387207
706,0.5054988861083979,1280.00012207031,0.851092488765717
707,0.5069692134857179,1280.00012207031,0.8504193139076229
708,0.5268132686614989,1280.00012207031,0.845996828079224
709,0.548009097576141,1280.00012207031,0.8414022636413571
710,0.558998882770538,1280.00012207031,0.8389262270927429
711,0.558550596237183,1280.00012207031,0.8385848712921139
712,0.543375909328461,1280.00012207031,0.8410057735443119
713,0.510195255279541,1280.00012207031,0.846994371414185
714,0.469967067241669,1280.00012207031,0.8543509554862979
715,0.44065323472022994,1280.00012207031,0.8594270062446591
716,0.431826740503311,1280.00012207031,0.860392243862152
717,0.440561354160309,1280.00012207031,0.8579500031471249
718,0.45421564579009993,1280.00012207031,0.8547312331199649
719,0.463782250881195,1280.00012207031,0.8525085163116459
720,0.468586653470993,1280.00012207031,0.85122820854187
721,0.465933471918106,1280.00012207031,0.851430864334106
722,0.45382431149482705,1280.00012207031,0.853667528629303
723,0.438247352838516,1280.00012207031,0.8568444561958309
724,0.43352288007736206,1280.00012207031,0.858041496276855
725,0.456236273050308,1280.00012207031,0.853642673492432
726,0.504930019378662,1280.00012207031,0.8436398220062259
727,0.548622250556946,1280.00012207031,0.8344207119941708
728,0.5641067028045649,1280.00012207031,0.830698401927948
729,0.5542659759521479,1280.00012207031,0.8317170453071591
730,0.527182519435883,1280.00012207031,0.8359598231315609
731,0.49069380760192893,1280.00012207031,0.842201383113861
732,0.454769372940063,1280.00012207031,0.848653109073639
733,0.427343606948853,1280.00012207031,0.8539459419250491
734,0.41189989447593706,1280.00012207031,0.8575679969787601
735,0.41417166590690596,1280.00012207031,0.858363540172577
736,0.43971395492553705,1280.00012207031,0.8550584626197809
737,0.48307585716247603,1280.00012207031,0.848650665283203
738,0.53327214717865,1280.00012207031,0.8411948990821841
739,0.5829235315322879,1280.00012207031,0.8339187812805179
740,0.6233202815055849,1280.00012207031,0.828274459838867
741,0.64611953496933,1280.00012207031,0.825762958526611
742,0.64885139465332,1280.00012207031,0.826679022312164
743,0.633144974708557,1280.00012207031,0.830682725906372
744,0.599307298660278,1280.00012207031,0.8379638504981991
745,0.5547823905944821,1280.00012207031,0.8473906826972958
746,0.520335495471954,1280.00012207031,0.8548304748535159
747,0.514777064323425,1280.00012207031,0.856433184146881
748,0.539051413536072,1280.00012207031,0.8519378018379208
749,0.577435791492462,1280.00012207031,0.844545753002167
750,0.613147795200348,1280.00012207031,0.837634296417236
751,0.6408308148384089,1280.00012207031,0.832104892730713
752,0.660129904747009,1280.00012207031,0.827934534549713
753,0.6750396490097049,1280.00012207031,0.8241968464851379
754,0.686640024185181,1280.00012207031,0.8205268692970279
755,0.682817041873932,1280.00012207031,0.8195934009551998
756,0.6567851305007929,1280.00012207031,0.8229434204101559
757,0.6063324213027951,1280.00012207031,0.831347258090973
758,0.540934145450592,1280.00012207031,0.843264014720917
759,0.48637717962265,1280.00012207031,0.853498728275299
760,0.46103239059448203,1280.00012207031,0.858384759426117
761,0.46492153406143205,1280.00012207031,0.857909650802612
762,0.48036134243011497,1280.00012207031,0.855701179504395
763,0.488331973552704,1280.00012207031,0.855559856891632
764,0.488694459199905,1280.00012207031,0.8571550559997559
765,0.490654230117798,1280.00012207031,0.858299643993378
766,0.5063921809196471,1280.00012207031,0.8562728476524349
767,0.54178261756897,1280.00012207031,0.8495809745788571
768,0.579955577850342,1280.00012207031,0.84158077955246
769,0.5878640413284301,1280.00012207031,0.839149386882782
770,0.552978038787842,1280.00012207031,0.8448187422752379
771,0.48927092552185103,1280.00012207031,0.8556067061424258
772,0.414882093667984,1280.00012207031,0.868054122924805
773,0.34448066353797896,1280.00012207031,0.879681737422943
774,0.289777338504791,1280.00012207031,0.888648660182953
775,0.26300230622291604,1280.00012207031,0.892774851322174
776,0.269777983427048,1280.00012207031,0.890911252498627
777,0.29982927441596996,1280.00012207031,0.8851166081428531
778,0.33463090658187894,1280.00012207031,0.8791162085533141
779,0.368939578533173,1280.00012207031,0.8736257266998291
780,0.408468246459961,1280.00012207031,0.8670272541046139
781,0.447648495435715,1280.00012207031,0.860319287776947
782,0.47627103328704795,1280.00012207031,0.8556958746910099
783,0.5024683475494379,1280.00012207031,0.8513660740852359
784,0.537461757659912,1280.00012207031,0.8448497366905209
785,0.5725528597831729,1280.00012207031,0.8380064678192142
786,0.591167449951172,1280.00012207031,0.8343864989280699
787,0.5931333899497989,1280.00012207031,0.833905489444733
788,0.588106989860535,1280.00012207031,0.834376127719879
789,0.576970934867859,1280.00012207031,0.8356129837036129
790,0.5555177927017211,1280.00012207031,0.8386018586158749
791,0.519811928272247,1280.00012207031,0.844294459819794
792,0.46667066216468794,1280.00012207031,0.853691132068634
793,0.40637907385826094,1280.00012207031,0.86485377073288
794,0.361247152090073,1280.00012207031,0.873209686279297
795,0.34385272860527,1280.00012207031,0.8762692523002621
796,0.34837776422500605,1280.00012207031,0.8753991436958309
797,0.3672605454921721,1280.00012207031,0.8722057652473449
798,0.399150639772415,1280.00012207031,0.8667313170433041
799,0.43976733088493297,1280.00012207031,0.8596362781524659
800,0.48103135824203497,1280.00012207031,0.852356405258179
801,0.513801336288452,1280.00012207031,0.846595675945282
802,0.528561472892761,1280.00012207031,0.844253332614899
803,0.518832623958588,1280.00012207031,0.846825571060181
804,0.493621230125427,1280.00012207031,0.8525469613075259
805,0.47670102119445795,1280.00012207031,0.856355102062225
806,0.474981904029846,1280.00012207031,0.8568117332458499
807,0.476107180118561,1280.00012207031,0.8566613507270809
808,0.47085028886795,1280.00012207031,0.857894570827484
809,0.46781075000762895,1280.00012207031,0.8586091113090519
810,0.47534453868865995,1280.00012207031,0.856945724487305
811,0.483442425727844,1280.00012207031,0.855178565979004
812,0.4851580858230589,1280.00012207031,0.854848117828369
813,0.486430734395981,1280.00012207031,0.8546555352210999
814,0.489488154649734,1280.00012207031,0.854172439575195
815,0.49458852410316495,1280.00012207031,0.853416473865509
816,0.5034726858139039,1280.00012207031,0.8519637894630429
817,0.5159921050071721,1280.00012207031,0.849669904708862
818,0.5249255895614621,1280.00012207031,0.847921104431152
819,0.517347812652588,1280.00012207031,0.8494251084327701
820,0.488135397434235,1280.00012207031,0.855284841060638
821,0.444634735584259,1280.00012207031,0.8640699696540829
822,0.40123140811920205,1280.00012207031,0.8730051827430729
823,0.373701840639114,1280.00012207031,0.8790347290039059
824,0.372386306524277,1280.00012207031,0.8802402329444889
825,0.403652429580688,1280.00012207031,0.8753304195404049
826,0.46823590993881203,1280.00012207031,0.8639332962036129
827,0.5527865290641779,1280.00012207031,0.848507316112518
828,0.6315658688545229,1280.00012207031,0.834032208919525
829,0.677081525325775,1280.00012207031,0.82597562789917
830,0.683029532432556,1280.00012207031,0.825500400066376
831,0.6679587960243231,1280.00012207031,0.828555972576141
832,0.6486369371414179,1280.00012207031,0.8317484569549559
833,0.630163908004761,1280.00012207031,0.8341488552093509
834,0.610324561595917,1280.00012207031,0.836262912750244
835,0.578773319721222,1280.00012207031,0.840396077632904
836,0.530894339084625,1280.00012207031,0.8477317404747009
837,0.478063315153122,1280.00012207031,0.8561339092254642
838,0.43406143784522994,1280.00012207031,0.863011391162872
839,0.40375700592994707,1280.00012207031,0.867638380527496
840,0.389327079057693,1280.00012207031,0.86967155456543
841,0.394513875246048,1280.00012207031,0.868175716400146
842,0.41915428638458296,1280.00012207031,0.8629452300071719
843,0.455637097358704,1280.00012207031,0.8552839469909671
844,0.48845875263214095,1280.00012207031,0.848236949443817
845,0.501970648765564,1280.00012207031,0.8449325275421139
846,0.4908953905105589,1280.00012207031,0.846390755176544
847,0.45589426159858704,1280.00012207031,0.852642090320587
848,0.4082178771495821,1280.00012207031,0.86160019159317
849,0.374153167009354,1280.00012207031,0.8678879451751709
850,0.369108498096466,1280.00012207031,0.868347616195679
851,0.379827111959457,1280.00012207031,0.865998775959015
852,0.38834738731384294,1280.00012207031,0.864760370254517
853,0.399809718132019,1280.00012207031,0.8633841586112979
854,0.4254308044910429,1280.00012207031,0.859337301254272
855,0.462159991264343,1280.00012207031,0.853154630661011
856,0.49716916680336,1280.00012207031,0.847399206161499
857,0.52099609375,1280.00012207031,0.843859405517578
858,0.5298307538032531,1280.00012207031,0.8431978535652159
859,0.523864686489105,1280.00012207031,0.845394642353058
860,0.5090932846069339,1280.00012207031,0.849408776760101
861,0.49627202749252297,1280.00012207031,0.853131444454193
862,0.492861181497574,1280.00012207031,0.8551599693298341
863,0.500372290611267,1280.00012207031,0.855214805603027
864,0.5170380473136901,1280.00012207031,0.853574545383453
865,0.541812300682068,1280.00012207031,0.850204677581787
866,0.572997868061066,1280.00012207031,0.8451426339149479
867,0.599533438682556,1280.00012207031,0.840491445064545
868,0.607734799385071,1280.00012207031,0.839058430194855
869,0.5951584577560419,1280.00012207031,0.8413303208351139
870,0.56731390953064,1280.00012207031,0.8462326240539549
871,0.530564665794373,1280.00012207031,0.852599532604218
872,0.495081871747971,1280.00012207031,0.8584818553924559
873,0.470119476318359,1280.00012207031,0.862057120800018
874,0.45825567841529796,1280.00012207031,0.862924606800079
875,0.458201795816422,1280.00012207031,0.861363859176636
876,0.46621358394622797,1280.00012207031,0.8580607485771179
877,0.469955742359161,1280.00012207031,0.855498225688934
878,0.456177800893784,1280.00012207031,0.856438071727753
879,0.420353591442108,1280.00012207031,0.8618984532356259
880,0.369321554899216,1280.00012207031,0.8706460309028629
881,0.32206943631172197,1280.00012207031,0.878875644207001
882,0.29538542032241805,1280.00012207031,0.883255155086517
883,0.290505081415176,1280.00012207031,0.8837732982635501
884,0.300822615623474,1280.00012207031,0.882004053592682
885,0.322930961847305,1280.00012207031,0.878642470836639
886,0.35808905959129295,1280.00012207031,0.87318089723587
887,0.40176558494567893,1280.00012207031,0.8662422013282779
888,0.439928859472275,1280.00012207031,0.8604699683189391
889,0.45982193946838396,1280.00012207031,0.858300240039825
890,0.46016335487365706,1280.00012207031,0.8598630738258358
891,0.449733763933182,1280.00012207031,0.8632719230651859
892,0.436243683099747,1280.00012207031,0.866975815296173
893,0.422936797142029,1280.00012207031,0.870526523590088
894,0.41619691252708396,1280.00012207031,0.8727100205421451
895,0.427117705345154,1280.00012207031,0.871220321655273
896,0.46183639764785794,1280.00012207031,0.8646053385734559
897,0.5040600299835211,1280.00012207031,0.8561513733863829
898,0.527346670627594,1280.00012207031,0.851463468074799
899,0.531644344329834,1280.00012207031,0.850390882492065
900,0.534652709960938,1280.00012207031,0.849028975963593
901,0.536176264286041,1280.00012207031,0.847604901790619
902,0.524872004985809,1280.00012207031,0.848803253173828
903,0.501357436180115,1280.00012207031,0.852659375667572
904,0.478427708148956,1280.00012207031,0.856418879032135
905,0.46697193384170504,1280.00012207031,0.8577005577087399
906,0.461422026157379,1280.00012207031,0.85771253824234
907,0.454852759838104,1280.00012207031,0.8579684805870059
908,0.45044860243797297,1280.00012207031,0.857733161449432
909,0.449402630329132,1280.00012207031,0.856760413646698
910,0.4476022124290471,1280.00012207031,0.855966002941132
911,0.4417470991611479,1280.00012207031,0.8560556483268741
912,0.431234925985336,1280.00012207031,0.857193500995636
913,0.41727787256240795,1280.00012207031,0.859219224452972
914,0.404835909605026,1280.00012207031,0.861146957874298
915,0.400412917137146,1280.00012207031,0.8616237950325009
916,0.406283169984818,1280.00012207031,0.860182077884674
917,0.42288827896118203,1280.00012207031,0.856640727519989
918,0.441750586032867,1280.00012207031,0.852600486278534
919,0.439821600914001,1280.00012207031,0.8529224705696109
920,0.407024919986725,1280.00012207031,0.8598074030876159
921,0.360237240791321,1280.00012207031,0.869809896945953
922,0.325885772705078,1280.00012207031,0.8775832366943359
923,0.31887105107307395,1280.00012207031,0.880263955593109
924,0.33777379989624,1280.00012207031,0.878325016498566
925,0.37471839785575894,1280.00012207031,0.873411686420441
926,0.424120217561722,1280.00012207031,0.866447241306305
927,0.48137664794921897,1280.00012207031,0.8580903720855709
928,0.5387609004974371,1280.00012207031,0.849579126834869
929,0.586756706237793,1280.00012207031,0.842560262680054
930,0.612678587436676,1280.00012207031,0.839392335414886
931,0.607925415039062,1280.00012207031,0.841828317642212
932,0.579806983470917,1280.00012207031,0.848323316574097
933,0.544575095176697,1280.00012207031,0.8556083750724789
934,0.513850212097168,1280.00012207031,0.861656637191772
935,0.496467113494873,1280.00012207031,0.865038068294525
936,0.4991640150547029,1280.00012207031,0.864538700580597
937,0.520042300224304,1280.00012207031,0.8607241821289059
938,0.550730466842651,1280.00012207031,0.855443985462189
939,0.5879418849945071,1280.00012207031,0.8491980147361758
940,0.634704053401947,1280.00012207031,0.8409478974342349
941,0.6830489039421078,1280.00012207031,0.831930429935455
942,0.712557017803192,1280.00012207031,0.8261882972717289
943,0.711145639419556,1280.00012207031,0.8261272621154789
944,0.6874200105667111,1280.00012207031,0.829885275363922
945,0.6560041904449461,1280.00012207031,0.834507675170898
946,0.624748528003693,1280.00012207031,0.83862987279892
947,0.596528649330139,1280.00012207031,0.841872961521149
948,0.563967943191528,1280.00012207031,0.846001596450806
949,0.512531280517578,1280.00012207031,0.854397506713867
950,0.443797439336777,1280.00012207031,0.867059679031372
951,0.387237519025803,1280.00012207031,0.877985508441925
952,0.371179729700089,1280.00012207031,0.8813629460334781
953,0.40236315131187395,1280.00012207031,0.875751883983612
954,0.465385735034943,1280.00012207031,0.863961369991302
955,0.523183643817902,1280.00012207031,0.8533238482475279
956,0.542691349983215,1280.00012207031,0.850476891994476
957,0.528941929340363,1280.00012207031,0.85393622636795
958,0.493772506713867,1280.00012207031,0.861238391399384
959,0.44985389709472706,1280.00012207031,0.8699764919281009
960,0.40854275226593,1280.00012207031,0.8780811142921451
961,0.38089343905448897,1280.00012207031,0.8835466217994691
962,0.378603726625443,1280.00012207031,0.8840317440032959
963,0.40218102931976296,1280.00012207031,0.879477710723877
964,0.439657896757126,1280.00012207031,0.8724030566215519
965,0.477114796638489,1280.00012207031,0.8656274390220641
966,0.510251343250275,1280.00012207031,0.859861166477203
967,0.541247546672821,1280.00012207031,0.854420931339264
968,0.569106459617615,1280.00012207031,0.8493824315071109
969,0.587015271186829,1280.00012207031,0.846162230968475
970,0.589585542678833,1280.00012207031,0.846022279262543
971,0.5823840498924261,1280.00012207031,0.8479273033142091
972,0.5765352845191961,1280.00012207031,0.8496923756599429
973,0.582234621047974,1280.00012207031,0.8493218731880191
974,0.608290731906891,1280.00012207031,0.844902248382568
975,0.6511422395706179,1280.00012207031,0.8369230937957759
976,0.6851045489311222,1280.00012207031,0.830626995563507
977,0.682597160339355,1280.00012207031,0.831747324466705
978,0.646367430686951,1280.00012207031,0.8396460127830508
979,0.604387402534485,1280.00012207031,0.848428041934967
980,0.58161997795105,1280.00012207031,0.8530604553222659
981,0.582417607307434,1280.00012207031,0.8529024434089659
982,0.595125079154968,1280.00012207031,0.8505870413780209
983,0.6099759340286249,1280.00012207031,0.8480584931373599
984,0.622708797454834,1280.00012207031,0.845965416431427
985,0.6304613351821899,1280.00012207031,0.8447336268424991
986,0.638526022434235,1280.00012207031,0.8430428218841549
987,0.646100342273712,1280.00012207031,0.8408845973014828
988,0.6378504037857061,1280.00012207031,0.8416043829917909
989,0.608146131038666,1280.00012207031,0.846543998718262
990,0.571486175060272,1280.00012207031,0.852720410823822
991,0.537820816040039,1280.00012207031,0.8582896304130551
992,0.508459568023682,1280.00012207031,0.8633415412902828
993,0.492192715406418,1280.00012207031,0.866127045154572
994,0.493624120950699,1280.00012207031,0.86559668302536
995,0.5054364204406739,1280.00012207031,0.8632531476020809
996,0.520672142505646,1280.00012207031,0.8604098868370059
997,0.537244439125061,1280.00012207031,0.8573720765113829
998,0.557761251926422,1280.00012207031,0.853551061153412
